<XLUE>
	<resource>
		<!-- addin-->
		<texture id="texture.videoaddin.bgpanel.bg" type="NineInOne" image="bitmap\videoInfo.bgPanel.bg.png" />
		<texture id="texture.videoaddin.snap.bottompanel" type="ThreeInOneH" image="bitmap\media.bottompanel.png" />

		<bitmap id="bitmap.taskvideoinfo.notworkbkg" path="bitmap\notworkbkg.png" />

		<imagelist id="imglst.taskvideoinfo.manualsnap" vertical="0" splitter="1" varyblock="1" image="bitmap\manualsnap.png" />
		<texture id="bitmap.taskvideoinfo.manualsnap.normal" imagelist="imglst.taskvideoinfo.manualsnap" index="1"/>
		<texture id="bitmap.taskvideoinfo.manualsnap.hover" imagelist="imglst.taskvideoinfo.manualsnap" index="2"/>

		<texture id="VideoInfo.Snapshot.Close.bkg" image="bitmap\VideoInfo.Snapshot.Close.bkg.png" />
		<bitmap id="VideoInfo.SnapShot.DefaultPic" path="bitmap\VideoInfo.SnapShot.DefaultPic.png" />
		<texture id="VideoInfo.SnapShot.BigPicOnLine.icon" image="bitmap\VideoInfo.SnapShot.BigPicOnLine.icon.png" />
		<texture id="VideoInfo.NineInOne.bkg" type="NineInOne" image="bitmap\VideoInfo.NineInOne.bkg.png" />

		<imagelist id="imglst.viewsnapbtn.buttons" vertical="0" splitter="1" varyblock="1" image="bitmap\viewsnapbtn.png"/>
		<texture id="texture.viewsnapbtn.play.normal" imagelist="imglst.viewsnapbtn.buttons" index="1"/>
		<texture id="texture.viewsnapbtn.play.hover" imagelist="imglst.viewsnapbtn.buttons" index="2"/>
		<texture id="texture.viewsnapbtn.play.down" imagelist="imglst.viewsnapbtn.buttons" index="3"/>
		<texture id="texture.viewsnapRightbtn.play.normal" imagelist="imglst.viewsnapbtn.buttons" index="4"/>
		<texture id="texture.viewsnapRightbtn.play.hover" imagelist="imglst.viewsnapbtn.buttons" index="5"/>
		<texture id="texture.viewsnapRightbtn.play.down" imagelist="imglst.viewsnapbtn.buttons" index="6"/>

		<bitmap id="bitmap.taskvideoinfo.ExtendTabs.Splitter" path="bitmap\TaskVideoInfo.ExtendTabs.Splitter.png" />

		<bitmap id="bitmap.taskvideoinfo.snapdefaultbkg" path="bitmap\snapdefaultbkg.png" />
		<bitmap id="bitmap.taskvideoinfo.snappingbkg" path="bitmap\snappingbkg.png" />
		<texture id="texture.taskvideoinfo.reftabsbkg" image="bitmap\reftabsbkg.png" />

		<texture id="texture.bkg.addBtn" type="NineInOne" image="bitmap\videoInfo.Bkg.Add.png" />
		<imagelist id="imglst.addBtns" vertical="0" splitter="1" varyblock="1" image="bitmap\videoInfo.ImageList.Add.png"/>
		<texture id="texture.videoInfo.AddNormal" type="ThreeInOneH" imagelist="imglst.addBtns" index="1"/>
		<texture id="texture.videoInfo.AddHover" type="ThreeInOneH" imagelist="imglst.addBtns" index="2"/>
		<texture id="texture.videoInfo.AddDown" type="ThreeInOneH" imagelist="imglst.addBtns" index="3"/>

		<!--hdstore-->
		<bitmap id="VideoInfo.hdStoreInfo.Tip.CloseBtn" path="bitmap\videoinfo.hdstore.tip.closebtn.png" />
		<texture id="VideoInfo.hdStoreInfo.Tip.Bkg" image="bitmap\videoinfo.hdstore.tasklisttip.bkg.png" />

		<texture id="VideoAddin.InfoPanel.DownLoadRank.Number.Bkg" image="bitmap\VideoAddin.InfoPanel.DownLoadRank.Number.Bkg.png" />
	</resource>
</XLUE>
