<XLUE>
	<resource>
		<color id="system.black" red="0" green="0" blue="0" alpha="255" />
		<color id="videoaddin.dapplay.confirmgray" value="#535353" alpha="255" />

		<!-- addin -->
		<color id="videoinfo.snap.normal.color" value="#1f4172" alpha="255" />
		<color id="videoinfo.snap.disable.color" value="#bac4cb" alpha="255" />
		<color id="videoinfo.text.white" value="#ffffff" alpha="255" />
		<color id="videoinfo.text.filename.color" value="#000000" alpha="255" />
		<color id="videoinfo.text.filesize.color" value="#6eaa00" alpha="255" />
		<color id="videoinfo.dapplaytitle.color" red="17" green="113" blue="197" alpha="255" />
		<color id="videoinfo.progresspercent.color" red="100" green="148" blue="205" alpha="255" />
		<color id="videoinfo.closesnap.color" value="e5e5e5" />

		<color id="videoaddin.link" value="#0084ff" />
		<color id="videoaddin.label" value="#535353" />

		<color id="VideoInfo.hdStoreInfo.Tip.Color" red="175" green="122" blue="74" alpha="255" />
		<color id="VideoAddin.InfoPanel.DownLoadRank.Title.Color" value="#333333" />
		<color id="VideoAddin.InfoPanel.DownLoadRank.Count.Color" value="#999999" />
	</resource>
</XLUE>
