<XLUE>
	<resource>
		<bitmap id="bitmap.icon.uac.bkg" image="bitmap\bitmap.uac.png" />
		<bitmap id="bitmap.ipadhd.tip.bkg" image="bitmap\ipad.hd.tip.bkg.png" />
		<bitmap id="bitmap.plat.entrypoint.security.icon" image="bitmap\plat.addin.security.icon.png" />
		<bitmap id="bitmap.download.progress.light" image="bitmap\bitmap.download.progress.light.png" />
		<imagelist id="bitmap.sysbtn.image" vertical="0" splitter="1" varyblock="0" blocksize="21" image="bitmap\system_button.png"/>
		<texture id="texture.sysbtn.normal" imagelist="bitmap.sysbtn.image" index="1"/>
		<texture id="texture.sysbtn.hover" imagelist="bitmap.sysbtn.image" index="2"/>
		<texture id="texture.sysbtn.down" imagelist="bitmap.sysbtn.image" index="3"/>
		<bitmap id="bitmap.sysbtn.icon.menu" imagelist="bitmap.sysbtn.image" index="4"/>
		<bitmap id="bitmap.sysbtn.icon.min" imagelist="bitmap.sysbtn.image" index="5"/>
		<bitmap id="bitmap.sysbtn.icon.max" imagelist="bitmap.sysbtn.image" index="6"/>
		<bitmap id="bitmap.sysbtn.icon.exit" imagelist="bitmap.sysbtn.image" index="7"/>
		<bitmap id="bitmap.sysbtn.icon.restore" imagelist="bitmap.sysbtn.image" index="8"/>
		
		
		<!--imagelist id="system.skinbtn.imagelist" vertical="0" splitter="1" varyblock="0" blocksize="24" image="bitmap\system.skinbtn.png"/>
		
		<bitmap id="bitmap.sysbtn.skin.bkg" imagelist="system.skinbtn.imagelist" index="1"/>
		<bitmap id="bitmap.sysbtn.skin.icon" imagelist="system.skinbtn.imagelist" index="2"/>
		<bitmap id="bitmap.sysbtn.skin.light" imagelist="system.skinbtn.imagelist" index="3"/-->
		
		<imagelist id="system.skinbtn.imagelist" vertical="0" splitter="1" varyblock="1" image="bitmap\imagelist.system.skinbtn.png"/>
		<bitmap id="bitmap.sysbtn.auto.skin.first.normal" imagelist="system.skinbtn.imagelist" index="1"/>
		<bitmap id="bitmap.sysbtn.auto.skin.first.hover" imagelist="system.skinbtn.imagelist" index="3"/>		
		<bitmap id="bitmap.sysbtn.auto.skin.second.normal" imagelist="system.skinbtn.imagelist" index="2"/>
		<bitmap id="bitmap.sysbtn.auto.skin.second.hover" imagelist="system.skinbtn.imagelist" index="4"/>
		<bitmap id="bitmap.sysbtn.skin.normal" imagelist="system.skinbtn.imagelist" index="5"/>
		<bitmap id="bitmap.sysbtn.skin.hover" imagelist="system.skinbtn.imagelist" index="5"/>
		
		<imagelist id="system.skinbtn.light.imagelist" vertical="0" splitter="1" varyblock="1"  image="bitmap\imagelist.system.skinbtn.light.png"/>
		<bitmap id="bitmap.sysbtn.auto.skin.first.light" imagelist="system.skinbtn.light.imagelist" index="2"/>
		<bitmap id="bitmap.sysbtn.auto.skin.second.light" imagelist="system.skinbtn.light.imagelist" index="2"/>
		<bitmap id="bitmap.sysbtn.skin.light" imagelist="system.skinbtn.light.imagelist" index="3"/>
		
		<imagelist id="imagelist.statusbar.plugin" vertical="0" splitter="1" varyblock="1"  image="bitmap\imagelist.statusbar.plugin.png"/>
		<texture id="statusbar.plugin.nor" type="Fill" imagelist="imagelist.statusbar.plugin" index="1" />
		<texture id="statusbar.plugin.hover" type="Fill" imagelist="imagelist.statusbar.plugin" index="2" />
		<texture id="statusbar.plugin.down" type="Fill" imagelist="imagelist.statusbar.plugin" index="3" />

		<bitmap id="bitmap.menu.line" path="bitmap\bitmap.menu.line.png"/>
		<bitmap id="menu.choose.status" path="bitmap\menu.choose.png" />
		<bitmap id="bitmap.custommodetipbkg" path="bitmap\CustomModeTipBkg.png" />
		
		<bitmap id="bitmap.private.taskmgr" path="bitmap\private.taskmgr.png" />
		
		<imagelist id="imagelist.downloadmode.setting" vertical="0" splitter="1" varyblock="1" image="bitmap\imagelist.downloadmode.setting.png"/>
		<bitmap id="bitmap.setting.restrictmode" imagelist="imagelist.downloadmode.setting" index="1" />
		<bitmap id="bitmap.setting.onlinegamemode" imagelist="imagelist.downloadmode.setting" index="2" />
		
		<texture id="texture.YellowStripe" type="ThreeInOneH" image="bitmap\YellowStripe.png"/>
		<imagelist id="imagelist.yellowstripe.exit" vertical="0" splitter="1" varyblock="1" image="bitmap\imagelist.YellowStripe.exit.png"/>
		<texture id="texture.yellowstripe.exit.normal" imagelist="imagelist.yellowstripe.exit" index="1" />
		<texture id="texture.yellowstripe.exit.hover" imagelist="imagelist.yellowstripe.exit" index="2" />
		<texture id="texture.yellowstripe.exit.down" imagelist="imagelist.yellowstripe.exit" index="3" />
		

		<bitmap id="bitmap.addins.kankan" path="bitmap\addins_kankan.png"/>
		<bitmap id="bitmap.addins.gougou" path="bitmap\addins_gougou.png"/>
		<bitmap id="bitmap.addins.skincenter" path="bitmap\addins_skincenter.png"/>
		<bitmap id="bitmap.addins.skincenter.small" path="bitmap\addins_skincenter_small.png"/>
		<bitmap id="bitmap.addins.kankan.icon" path="bitmap\addins_kankan.icon.png"/>
		
		
		<imagelist id="imagelist.progress" vertical="0" splitter="1" varyblock="0" blocksize="13" image="bitmap\texture.progress.png"/>
		<texture id="texture.progress.focus.full" type="ThreeInOneH" imagelist="imagelist.progress" index="2"/>
		<texture id="texture.progress.focus.empty" type="ThreeInOneH" imagelist="imagelist.progress" index="1"/>
		<texture id="texture.progress.unfocus.full" type="ThreeInOneH" imagelist="imagelist.progress" index="4"/>
		<texture id="texture.progress.unfocus.empty" type="ThreeInOneH" imagelist="imagelist.progress" index="3"/>
	
		<imagelist id="imagelist.Download.p2pgrade" vertical="0" splitter="1" varyblock="1" blocksize="15" image="bitmap\Download.grade.progress.png"/>
		<texture id="Download.p2pgrade.progress.focus.empty" type="ThreeInOneH" imagelist="imagelist.Download.p2pgrade" index="1"/>
		<texture id="Download.p2pgrade.progress.focus.full" type="ThreeInOneH" imagelist="imagelist.Download.p2pgrade" index="2"/>
		<texture id="Download.p2pgrade.progress.unfocus.full" type="ThreeInOneH" imagelist="imagelist.Download.p2pgrade" index="3"/>
		
		<texture id="texture.repeatdlg.bkg" type="NineInOne" image="bitmap\activeframe.png"/>
        
		<imagelist id="TaskInfo.Title.Icon" vertical="0" splitter="1" varyblock="0" blocksize="17" image="bitmap\basic info.icon.png"/>
        <bitmap id="TaskInfo.Title.BasicManipulateIcon" imagelist="TaskInfo.Title.Icon" index="1" />
		<bitmap id="TaskInfo.Title.AttributeInfoIcon" imagelist="TaskInfo.Title.Icon" index="2" />
		<texture id="taskinfopanel.bkg" type="NineInOne" image="bitmap\taskinfopanel.bkg.png" /> 
		<texture id="taskinfo.tab.bkg"  type="Fill" image="bitmap\basic info.tab.bkg.png" />
		<bitmap id="taskinfo.attr.bkg" path="bitmap\taskinfo_attr_bkg.png"/>
		<bitmap id="taskinfo.attr.savepath.underline" path="bitmap\Underline.png" />
		
		<imagelist id="imagelist.taskinfo.tab.bkg" vertical="0" splitter="1" varyblock="1" image="bitmap\taskinfo.tab.bkg.png"/>
		<texture id="taskinfopanel.tab.select" type="ThreeInOneH" imagelist="imagelist.taskinfo.tab.bkg" index="1"/>
		<texture id="taskinfopanel.tab.normal" type="ThreeInOneH" imagelist="imagelist.taskinfo.tab.bkg" index="2"/>
		<texture id="taskinfopanel.tab.hover" type="ThreeInOneH" imagelist="imagelist.taskinfo.tab.bkg" index="3"/>
		<texture id="taskinfopanel.tab.down" type="ThreeInOneH" imagelist="imagelist.taskinfo.tab.bkg" index="4"/>
		<bitmap id="taskinfo.tab.down.line" path="bitmap\taskinfo.tab.down.line.png" />
		<texture id="taskinfopanel.tab.normal.new" type="ThreeInOneH" image="bitmap\taskinfo.tab.new.bkg.png" /> 
		
		<imagelist id="imagelist.taskinfo.action.arrow" vertical="0" splitter="1" varyblock="1" image="bitmap\taskinfopanel.action.arrow.png"/>
		<bitmap id="taskinfopanel.action.expand" imagelist="imagelist.taskinfo.action.arrow" index="1" />
		<bitmap id="taskinfopanel.action.hide" imagelist="imagelist.taskinfo.action.arrow" index="2" />
		<texture id="taskinfopanel.action.light" path="bitmap\taskinfopanel.action.light.png" />
		<texture id="taskinfopanel.action.light.expand" path="bitmap\taskinfopanel.action.light.expand.png" />
		
		<imagelist id="TaskInfo.Manipulatebtn" vertical="0" splitter="1" varyblock="0" blocksize="21" image="bitmap\basic info.button.png"/>
        
		
		<texture id="TaskInfo.Manipulatebtn.Normal" type="ThreeInOneH" image="bitmap\taskinfo.manipulatebtn.normal.png"/>
		<texture id="TaskInfo.Manipulatebtn.Hover" type = "ThreeInOneH" image="bitmap\taskinfo.manipulatebtn.hover.png"/>
		<texture id="TaskInfo.Manipulatebtn.Down" type = "ThreeInOneH" image="bitmap\taskinfo.manipulatebtn.down.png"/>
		<texture id="TaskInfo.Manipulatebtn.Disable" type = "NineInOne" imagelist="TaskInfo.Manipulatebtn" index="4"/>
	
		
		<texture id="texture.taskinfo.border.left" type="Fill" image="bitmap\taskinfo_border_left.png"/>
		
		<bitmap id="BTTaskInfo.Icon.DownloadFileByOrder.Help" path="bitmap\bt.downloadfilebyorder.help.png" />
		<imagelist id="BTTaskInfo.imagelist.progress" vertical="0" splitter="1" varyblock="0" blocksize="11" image="bitmap\bt.progress.png"/>
		<texture id="texture.bt.progress.empty" type="ThreeInOneH" imagelist="BTTaskInfo.imagelist.progress" index="1"/>
		<texture id="texture.bt.progress.full" type="ThreeInOneH" imagelist="BTTaskInfo.imagelist.progress" index="2"/>
		<texture id="texture.listboxitem.selected.bkg" type="NineInOne" image="bitmap\bt.selected.png"/>
		<texture id="texture.listboxitem.hover.bkg" type="NineInOne" image="bitmap\bt.hover.png"/>
		<bitmap id="BTTaskInfo.brokenline"  path="bitmap\bt.brokenline.png" />
		<bitmap id="BTTaskInfo.line"  path="bitmap\bt.line.png" />

		<texture id="edit.bkg.hover" type="NineInOne" image="bitmap\edit_standard_hover.png"/>
		<texture id="edit.bkg.normal" type="NineInOne" image="bitmap\edit_standard_normal.png"/>
		<texture id="edit.bkg.disable" type="NineInOne" image="bitmap\edit_standard_disable.png"/>
		<texture id="combo.item.bkg.hover" type="ThreeInOneH" image="bitmap\combo.item.hover.png"/>
		<texture id="newtask.combo.item.bkg.hover" type="ThreeInOneH" image="bitmap\newtask.combo.item.hover.png"/>
		
		<texture id="texture.acctime.shine" type="ThreeInOneH" image="bitmap\acctime.shine.png"/>
		
		<texture id="texture.tip.sep" type="ThreeInOneH" image="bitmap\tip.sep.png"/>
		
		<texture id="texture.activeregion.shadow" type="NineInOne" image="bitmap\activeregion.shadow.png"/>
		
		<texture id="texture.msgsys.frame" type="NineInOne" image="bitmap\msgsys_frame.png"/>
		<bitmap id="bitmap.msgsys.icon"  path="bitmap\MsgSys_icon.png" />


		<imagelist id="imagelist.general.button.bkg" vertical="0" splitter="1" varyblock="1" image="bitmap\general.button.bkg.png"/>
		<texture id="general.button.normal" type="ThreeInOneH" imagelist="imagelist.general.button.bkg" index="1"/>
		<texture id="general.button.down" type="ThreeInOneH" imagelist="imagelist.general.button.bkg" index="3"/>
		<texture id="general.button.hover" type="ThreeInOneH" imagelist="imagelist.general.button.bkg" index="2"/>
		<texture id="general.button.disable" type="ThreeInOneH" imagelist="imagelist.general.button.bkg" index="4"/>
		<texture id="siamese.button.left.normal" type="ThreeInOneH" imagelist="imagelist.general.button.bkg" index="5" />
		<texture id="siamese.button.left.hover" type="ThreeInOneH" imagelist="imagelist.general.button.bkg" index="6" />
		<texture id="siamese.button.left.down" type="ThreeInOneH" imagelist="imagelist.general.button.bkg" index="7" />
		<texture id="siamese.button.left.disable" type="ThreeInOneH" imagelist="imagelist.general.button.bkg" index="8" />
		<texture id="siamese.button.right.normal" type="ThreeInOneH" imagelist="imagelist.general.button.bkg" index="9" />
		<texture id="siamese.button.right.hover" type="ThreeInOneH" imagelist="imagelist.general.button.bkg" index="10" />
		<texture id="siamese.button.right.down" type="ThreeInOneH" imagelist="imagelist.general.button.bkg" index="11" />
		<texture id="siamese.button.right.disable" type="ThreeInOneH" imagelist="imagelist.general.button.bkg" index="12" />
		<bitmap id="bitmap.btn.light" path="bitmap\btn.light.png" />
		<bitmap id="siamese.button.spliter" imagelist="imagelist.general.button.bkg" index="13" />
		<bitmap id="bitmap.btn.arrow" path="bitmap\bitmap.btn.arrow.png" />
		<bitmap id="general.button.light" path="bitmap\btn.light.png"/>
		<texture id="texture.mask.btn" type="ThreeInOneH" image="bitmap/mask.btn.png" />
		
		<imagelist id="TaskBasicInfo.Detection.Icons" vertical="0" splitter="1" varyblock="1" image="bitmap\TaskBasicInfo.Detection.Icons.png"/>
		<bitmap id="TaskBasicInfo.detection.King" imagelist="TaskBasicInfo.Detection.Icons" index="1"/>
		<bitmap id="TaskBasicInfo.detection.Rising" imagelist="TaskBasicInfo.Detection.Icons" index="2"/>
		<bitmap id="TaskBasicInfo.detection.JiangMin" imagelist="TaskBasicInfo.Detection.Icons" index="3"/>
		<bitmap id="TaskBasicInfo.detection.Kaspersky" imagelist="TaskBasicInfo.Detection.Icons" index="4"/>
		
		<imagelist id="TaskBasicInfo.Detection.Arrows" vertical="0" splitter="1" varyblock="1" image="bitmap\TaskBasicInfo.Arrow.png"/>
		<bitmap id="TaskBasicInfo.detection.Arrows.Down" imagelist="TaskBasicInfo.Detection.Arrows" index="1"/>
		<bitmap id="TaskBasicInfo.detection.Arrows.Up" imagelist="TaskBasicInfo.Detection.Arrows" index="2"/>
		
		<texture id="bkg.light.left" type="NineInOne" image="bitmap\bkg.light.left.png"/>
		<texture id="bkg.light.right" type="ThreeInOneV" image="bitmap\bkg.light.right.png"/>
		
		<texture id="bkg.sliderbar" type="Fill" image="bitmap\sliderbar.bkg.png"/>
		<imagelist id="sliderbar.btn" vertical="0" splitter="1" varyblock="1" image="bitmap\sliderbar.btn.png"/>
		<texture id="sliderbar.btn.normal" imagelist="sliderbar.btn" index="8"/>
		<texture id="sliderbar.btn.hover" imagelist="sliderbar.btn" index="7"/>
		<texture id="sliderbar.btn.down" imagelist="sliderbar.btn" index="9"/>
		
		<bitmap id="progress.light.bkg" path="bitmap\progress.light.png"/>
		<imagelist id="progress.bkg" vertical="0" splitter="1" varyblock="1" image="bitmap\progress.png"/>
		<texture id="progress.empty" type="ThreeInOneH" imagelist="progress.bkg" index="1"/>
		<texture id="progress.full" type="ThreeInOneH" imagelist="progress.bkg" index="2"/>
		
		<imagelist id="imagelist.notify.bkg" vertical="0" splitter="1" varyblock="1" image="bitmap\imagelist.notify.bkg.png"/>
		<texture id="texture.notify.bkg.red" type="ThreeInOneH" imagelist="imagelist.notify.bkg" index="1" />
		<texture id="texture.notify.bkg.green" type="ThreeInOneH" imagelist="imagelist.notify.bkg" index="2" />
		
		<texture id="texture.notify.bkg.p2p" type="ThreeInOneH" image="bitmap\texture.notify.bkg.p2p.png"/>
		
		<imagelist id="imagelist.notify.btn.bkg.p2p" vertical="0" splitter="1" varyblock="1" image="bitmap\imagelist.notify.close.btn.p2p.png"/>
		<texture id="texture.notify.btn.p2p.normal" imagelist="imagelist.notify.btn.bkg.p2p" index="1" />
		<texture id="texture.notify.btn.p2p.hover" imagelist="imagelist.notify.btn.bkg.p2p" index="2" />
		<texture id="texture.notify.btn.p2p.down" imagelist="imagelist.notify.btn.bkg.p2p" index="3" />
		
		<imagelist id="imagelist.notify.btn.bkg.red" vertical="0" splitter="1" varyblock="1" image="bitmap\imagelist.notify.close.btn.red.png"/>
		<texture id="texture.notify.btn.red.normal" imagelist="imagelist.notify.btn.bkg.red" index="1" />
		<texture id="texture.notify.btn.red.hover" imagelist="imagelist.notify.btn.bkg.red" index="2" />
		<texture id="texture.notify.btn.red.down" imagelist="imagelist.notify.btn.bkg.red" index="3" />
		
		<imagelist id="imagelist.notify.btn.bkg.green" vertical="0" splitter="1" varyblock="1" image="bitmap\imagelist.notify.close.btn.green.png"/>
		<texture id="texture.notify.btn.green.normal" imagelist="imagelist.notify.btn.bkg.green" index="1" />
		<texture id="texture.notify.btn.green.hover" imagelist="imagelist.notify.btn.bkg.green" index="2" />
		<texture id="texture.notify.btn.green.down" imagelist="imagelist.notify.btn.bkg.green" index="3" />
		<texture id="notify.underline" type="Fill" image="bitmap\notify.underline.png"/>
		
		<imagelist id="imagelist.webbrowser.disable" vertical="0" splitter="1" varyblock="0" blocksize="33" image="bitmap\xlwebbrowser_button_dis.png"/>
		<bitmap id="bitmap.webbrowser.back.disable" imagelist="imagelist.webbrowser.disable" index="1" />
		<bitmap id="bitmap.webbrowser.front.disable" imagelist="imagelist.webbrowser.disable" index="2" />
		<bitmap id="bitmap.webbrowser.stop.disable" imagelist="imagelist.webbrowser.disable" index="3" />
		<bitmap id="bitmap.webbrowser.refresh.disable" imagelist="imagelist.webbrowser.disable" index="4" />
		<bitmap id="bitmap.webbrowser.home.disable" imagelist="imagelist.webbrowser.disable" index="5" />
		
		<imagelist id="imagelist.webbrowser.nor" vertical="0" splitter="1" varyblock="0" blocksize="33" image="bitmap\xlwebbrowser_button_nor.png"/>
		<bitmap id="bitmap.webbrowser.back.nor" imagelist="imagelist.webbrowser.nor" index="1" />
		<bitmap id="bitmap.webbrowser.front.nor" imagelist="imagelist.webbrowser.nor" index="2" />
		<bitmap id="bitmap.webbrowser.stop.nor" imagelist="imagelist.webbrowser.nor" index="3" />
		<bitmap id="bitmap.webbrowser.refresh.nor" imagelist="imagelist.webbrowser.nor" index="4" />
		<bitmap id="bitmap.webbrowser.home.nor" imagelist="imagelist.webbrowser.nor" index="5" />

		<bitmap id="bitmap.xldt.speed" path="bitmap\xldt_speed.png"/>
		
		<imagelist id="imagelist.xldt.progress" splitter="1" vertical="0" varyblock ="1" image="bitmap\progress_bkg.png"/>
		
		<texture id="texture.xldt.progressbkg.bkg" type="ThreeInOneH" imagelist="imagelist.xldt.progress" index="1"/>
		<texture id="texture.xldt.progressbkg.bord" type="ThreeInOneH" imagelist="imagelist.xldt.progress" index="2"/>

		<texture id="DownloadPipe.line"   imagelist="imagelist.config.line" index="1" />
		<bitmap id="Download.Speedup.Item.Bkg" path="bitmap\Download.Speedup.Item.Bkg.png" />

		<imagelist id="bitmap.DownloadPipe.image" vertical="0" splitter="1" varyblock="1" image="bitmap\SpeedupState.png"/>
		<bitmap id="DownloadPipe.green.state" imagelist="bitmap.DownloadPipe.image" index="1"/>
		<bitmap id="DownloadPipe.red.state" imagelist="bitmap.DownloadPipe.image" index="2"/>
		<bitmap id="DownloadPipe.gray.state" imagelist="bitmap.DownloadPipe.image" index="3"/>

		<imagelist id="bitmap.Download.SpeedTest.image" vertical="0" splitter="1" varyblock="1" image="bitmap\imaglist.speeupstate.png"/>
		<bitmap id="DownloadPipe.TestSpeed.busing.state" imagelist="bitmap.Download.SpeedTest.image" index="1"/>
		<bitmap id="DownloadPipe.TestSpeed.ok.state" imagelist="bitmap.Download.SpeedTest.image" index="2"/>


		<texture id="texture.doctor.btn.nor"  type="Fill" image="bitmap\doctor.btn.nor.png" />
		<texture id="texture.doctor.btn.hover"  type="Fill" image="bitmap\doctor.btn.hover.png" />
		<texture id="texture.doctor.btn.down"  type="Fill" image="bitmap\doctor.btn.down.png" />
		<bitmap id="bitmap.doctor.btn.pic"  type="Fill" path="bitmap\doctor.btn.pic.png" />		

		<texture id="static.frame" drop="100" type="NineInOne" image="bitmap\static.frame.png" />
		<texture id="static.frame.line"  type="Fill" image="bitmap\static.frame.line.png" />	

		<bitmap id="web.error.big.img" path="bitmap\web.error.img.big.png" />
		<bitmap id="web.error.small.img" path="bitmap\web.error.img.small.png" />
		<texture id="taskinfo.header.bkg" type="NineInOne" image="bitmap\taskinfo.header.bkg.png" />	
		<imageseq id="web.loading" folder="bitmap\webloading"/>

		<imagelist id="imagelist.bt_exe_task.icon" vertical="0" splitter="1" varyblock="1" image="bitmap\bt_exe_icon.png"/>
		<bitmap id="bitmap.tasklist.exe_task.icon" imagelist="imagelist.bt_exe_task.icon" index="1" />
		<bitmap id="bitmap.tasklist.bt_task_icon" imagelist="imagelist.bt_exe_task.icon" index="2" />
		<bitmap id="bitmap.tasklist.bt_list_icon" path="bitmap\bt_list_icon.png" />

		<bitmap id="msgsys.warn" path="bitmap\msgsys_warn.png" />
		
		<bitmap id="bitmap.privatetip.bkg" path="bitmap\privatetip.bkg.png" />
		<bitmap id="bitmap.privatetip.iknow.nor" path="bitmap\privatetip.iknow.nor.png" />
		<bitmap id="bitmap.privatetip.iknow.hover" path="bitmap\privatetip.iknow.hover.png" />
		<bitmap id="bitmap.privatetip.alarm" path="bitmap\private.alarm.png" />


		<imagelist id="imagelist.btlist.expand.unexpand.button" splitter="1" vertical="0" varyblock ="0" blocksize="13"  image="bitmap\bt_list_expand_unexpand_icon.png"/>
		<bitmap id="bitmap.btlist.expand.button.bkg.normal"  imagelist="imagelist.btlist.expand.unexpand.button" index="1"/>
		<bitmap id="bitmap.btlist.expand.button.bkg.hover"  imagelist="imagelist.btlist.expand.unexpand.button" index="2"/>
		<bitmap id="bitmap.btlist.expand.button.bkg.down"  imagelist="imagelist.btlist.expand.unexpand.button" index="3"/>
		<bitmap id="bitmap.btlist.unexpand.button.bkg.normal"  imagelist="imagelist.btlist.expand.unexpand.button" index="4"/>
		<bitmap id="bitmap.btlist.unexpand.button.bkg.down"  imagelist="imagelist.btlist.expand.unexpand.button" index="5"/>
		<bitmap id="bitmap.btlist.unexpand.button.bkg.hover"  imagelist="imagelist.btlist.expand.unexpand.button" index="6"/>
		
		<imagelist id="imagelist.DirectOpenFile.ani" splitter="1" vertical="0" varyblock ="0"  blocksize="137" image="bitmap\imagelist.DirectOpenFile.ani.png"/>
		<imageseq id="DirectOpenFile.ani" imagelist="imagelist.DirectOpenFile.ani"/>

		<imagelist id="imagelist.notify.area.small.icon" vertical="0" splitter="1" varyblock="1" image="bitmap\notify.area.small.icon.list.png"/>
		<bitmap id="notify.area.small.icon.bt" imagelist="imagelist.notify.area.small.icon" index="1"/>
		<bitmap id="notify.area.small.icon.exe" imagelist="imagelist.notify.area.small.icon" index="2"/>
		
		<texture id="notify.area.total.speed.bkg" type="ThreeInOneH" image="bitmap\notify.area.total.speed.bkg.png" />
		<texture id="notify.area.line" type="Fill" image="bitmap\notify.area.line.png" />
		<texture id="notify.area.no.task.text.bkg" type="NineInOne" image="bitmap\notify.area.no.task.text.bkg.png" />

		<texture id="msgsys.notify.bkg" type="ThreeInOneV" image="bitmap\msgsys_notifybkg.png" />

		<texture id="mainwnd.flash.ad.frame" type="ThreeInOneH" image="bitmap\mainwnd.flashad.frame.png"/>
		
		<imagelist id="imagelist.autoskin.tip.close" vertical="0" splitter="1" varyblock="1" image="bitmap\imagelist.autoskin.tip.close.png"/>
		<bitmap id="bitmap.autoskin.tip.close.normal" imagelist="imagelist.autoskin.tip.close" index="1" />
		<bitmap id="bitmap.autoskin.tip.close.hover" imagelist="imagelist.autoskin.tip.close" index="2" />
		<bitmap id="bitmap.autoskin.tip.close.down" imagelist="imagelist.autoskin.tip.close" index="3" />
		
		<imagelist id="imagelist.chanel.tip" vertical="0" splitter="1" varyblock="1" image="bitmap\chanel.tip.png"/>
		<texture id="texture.chanel.tip.left.top" type="NineInOne" imagelist="imagelist.chanel.tip" index="2" />

		
		<imagelist id="imagelist.tasklist.header.bkg" vertical="0" splitter="1" varyblock="1" image="bitmap\imagelist.tasklist.header.bkg.png"/>
		<texture id="texture.tasklist.header.bkg.hover" type="ThreeInOneH" imagelist="imagelist.tasklist.header.bkg" index="1" />
		<texture id="texture.tasklist.header.bkg.down" type="ThreeInOneH" imagelist="imagelist.tasklist.header.bkg" index="2" />
		<texture id="texture.tasklist.header.bkg" type="Fill" image="bitmap\list_header_bkg.png" />
		<texture id="texture.tasklist.header.bkg.normal" type="Fill" image="bitmap\list_header_item.png" />
		
		<bitmap id="bitmap.taskinfopanel.link" path="bitmap\bitmap.taskinfopanel.link.png" />
		<bitmap id="bitmap.tabctrl.arrow" path="bitmap\bitmap.tabctrl.arrow.png" />
		<bitmap id="bitmap.tabctrl.arrow.damn" path="bitmap\bitmap.tabctrl.arrow.damn.png" />
		<bitmap id="hotspot.ani.bkg" path="bitmap\hotspot.ani.bkg.png" />
		<bitmap id="histogramitem.telecom.logo.bkg" path="bitmap\taskinfopanel_histogramitem_telecom_logo.png" />
		<texture id="mask.hotspot.ani" type="NineInOne" image="bitmap\mask.hotspot.ani.png"/>
		<bitmap id="taskinfopanel.telecom.bkg" path="bitmap\taskinfopanel_telecom_bkg.png" />
		
		<imagelist id="imagelist.tip.setting" vertical="0" splitter="1" varyblock="1" image="bitmap\imagelist.tip.setting.png"/>
		<bitmap id="bitmap.tip.setting.normal" imagelist="imagelist.tip.setting" index="1" />
		<bitmap id="bitmap.tip.setting.hover" imagelist="imagelist.tip.setting" index="2" />
		<bitmap id="bitmap.tip.setting.down" imagelist="imagelist.tip.setting" index="3" />
		<bitmap id="bitmap.config.tip" path="bitmap\config.tip.png" />
		<bitmap id="bitmap.antidisturb.tip" path="bitmap\antidisturb.tip.png" />
		
		<imagelist id="imagelist.savetime.clock" vertical="0" splitter="1" varyblock="1" image="bitmap\imagelist.savetime.clock.png"/>
		<texture id="texture.savetime.clock.normal" type="ThreeInOneH" imagelist="imagelist.savetime.clock" index="1" />
		<texture id="texture.savetime.clock.hover" type="ThreeInOneH" imagelist="imagelist.savetime.clock" index="2" />
		<texture id="texture.savetime.clock.down" type="ThreeInOneH" imagelist="imagelist.savetime.clock" index="3" />
		<texture id="texture.savetime.bkg" type="ThreeInOneH" image="bitmap\savetime.bkg.png"/>
		
		<imagelist id="system.autoskin.switch.imagelist" vertical="0" splitter="1" varyblock="1" image="bitmap\imagelist.system.autoskin.switch.png"/>
		<bitmap id="bitmap.autoskin.switch.close.normal" imagelist="system.autoskin.switch.imagelist" index="1"/>
		<bitmap id="bitmap.autoskin.switch.close.hover" imagelist="system.autoskin.switch.imagelist" index="2"/>
		<bitmap id="bitmap.autoskin.switch.close.down" imagelist="system.autoskin.switch.imagelist" index="3"/>
		<bitmap id="bitmap.autoskin.switch.open.normal" imagelist="system.autoskin.switch.imagelist" index="4"/>
		<bitmap id="bitmap.autoskin.switch.open.hover" imagelist="system.autoskin.switch.imagelist" index="5"/>
		<bitmap id="bitmap.autoskin.switch.open.down" imagelist="system.autoskin.switch.imagelist" index="6"/>
			
		<imagelist id="system.autoskin.page.imagelist" vertical="0" splitter="1" varyblock="1" image="bitmap\imagelist.system.pageautoskin.png"/>
		<bitmap id="bitmap.autoskin.prev.normal" imagelist="system.autoskin.page.imagelist" index="1"/>
		<bitmap id="bitmap.autoskin.prev.disable" imagelist="system.autoskin.page.imagelist" index="2"/>
		<bitmap id="bitmap.autoskin.prev.hover" imagelist="system.autoskin.page.imagelist" index="1"/>
		<bitmap id="bitmap.autoskin.prev.down" imagelist="system.autoskin.page.imagelist" index="3"/>
		
		<bitmap id="bitmap.autoskin.next.normal" imagelist="system.autoskin.page.imagelist" index="4"/>
		<bitmap id="bitmap.autoskin.next.disable" imagelist="system.autoskin.page.imagelist" index="5"/>
		<bitmap id="bitmap.autoskin.next.hover" imagelist="system.autoskin.page.imagelist" index="4"/>
		<bitmap id="bitmap.autoskin.next.down" imagelist="system.autoskin.page.imagelist" index="6"/>
		
		<imagelist id="system.skin.new.imagelist" vertical="0" splitter="1" varyblock="0" blocksize="25" image="bitmap\imagelist.system.skinnew.png"/>
		<imageseq id="SkinNew.ani" imagelist="system.skin.new.imagelist"/>
		
		<texture id="InstallSkin.Progress.Bkg" type="ThreeInOneH" image="bitmap\InstallSkin.Progress.Bkg.png" />
		<imagelist id="imagelist.InstallSkin.Progress.close" splitter="1" vertical="0" blocksize="9" varyblock="0" image="bitmap\imagelist.main.tab.close.png"/>
		<bitmap id="InstallSkin.Progress.close.nor"  imagelist="imagelist.InstallSkin.Progress.close" index="1" />
		<bitmap id="InstallSkin.Progress.close.hov" imagelist="imagelist.InstallSkin.Progress.close" index="2" />
		<bitmap id="InstallSkin.Progress.close.down" imagelist="imagelist.InstallSkin.Progress.close" index="3" />
		
		<texture id="texture.InitWizard.AppItem.Hover.bkg" type="ThreeInOneH" image="bitmap\texture.InitWizard.AppItem.bkg.png" />
		<texture id="texture.InitWizard.AppItem.Down.bkg" type="ThreeInOneH" image="bitmap\texture.InitWizard.AppItem.bkg.png" />		
		<texture id="texture.InitWizard.DirectoryItem.Hover.bkg" type="ThreeInOneH" image="bitmap\texture.InitWizard.DirectoryItem.Hover.bkg.png" />
		<texture id="texture.InitWizard.DirectoryItem.Down.bkg" type="NineInOne" image="bitmap\texture.InitWizard.DirectoryItem.Down.bkg.png" />	
		<texture id="texture.InitWizard.StepInfo.bkg" type="ThreeInOneH" image="bitmap\texture.InitWizard.StepInfo.bkg.png" />
		<bitmap id="bitmap.InitWizard.CurrStep.bkg" path="bitmap\bitmap.InitWizard.CurrStep.bkg.png"/>	
		
		<bitmap id="bitmap.InitWizard.Skin.Show.bkg" path="bitmap\bitmap.InitWizard.Skin.Show.bkg.png"/>
		<bitmap id="bitmap.InitWizard.Digital.Show.bkg" path="bitmap\bitmap.InitWizard.Digital.Show.bkg.png"/>
		<bitmap id="bitmap.InitWizard.UUAddin.Show.bkg" path="bitmap\bitmap.InitWizard.UUAddin.Show.bkg.png"/>
		<bitmap id="bitmap.InitWizard.Kankan.Show.bkg" path="bitmap\bitmap.InitWizard.Kankan.Show.bkg.png"/>
		
		<texture id="texture.app.bkg" type="ThreeInOneH" path="bitmap\texture.app.bkg.png"/>
		<texture id="texture.features.bkg" type="ThreeInOneH" path="bitmap\texture.features.bkg.png"/>
		
		<bitmap id="bitmap.initwizard.newfeatures" path="bitmap\bitmap.initwizard.newfeatures.png"/>	
		<imagelist id="imagelist.wizard.folder.small" splitter="1" vertical="0" blocksize="16" varyblock="0" image="bitmap\imagelist.wizard.folder.small.png"/>
		<bitmap id="bitmap.wizard.folder.disk"  imagelist="imagelist.wizard.folder.small" index="1" />
		<bitmap id="bitmap.wizard.folder.document" imagelist="imagelist.wizard.folder.small" index="2" />
		<bitmap id="bitmap.wizard.folder.desktop" imagelist="imagelist.wizard.folder.small" index="3" />
		
		<bitmap id="bitmap.InitWizard.Line.bkg" path="bitmap\bitmap.InitWizard.Line.bkg.png"/>
		
		<imagelist id="wizard.pagelist" splitter="1" vertical="0" blocksize="29" varyblock="0" image="bitmap\wizard.pagelist.png"/>
		<bitmap id="open.app.prev.normal"  imagelist="wizard.pagelist" index="1" />
		<bitmap id="open.app.prev.hover"  imagelist="wizard.pagelist" index="2" />
		<bitmap id="open.app.prev.down"  imagelist="wizard.pagelist" index="3" />
		<bitmap id="open.app.prev.disable"  imagelist="wizard.pagelist" index="4" />
		<bitmap id="open.app.next.normal"  imagelist="wizard.pagelist" index="5" />
		<bitmap id="open.app.next.hover"  imagelist="wizard.pagelist" index="6" />
		<bitmap id="open.app.next.down"  imagelist="wizard.pagelist" index="7" />
		<bitmap id="open.app.next.disable"  imagelist="wizard.pagelist" index="8" />
		</resource>
</XLUE>