<XLUE>
	<resource>
		<texture id="texture.bottle.water" type="ThreeInOneV" image="bitmap\water.png" />
		<bitmap id="bitmap.bottle.water.shadow" path="bitmap\water.shadow.png" />
		<bitmap id="bitmap.bottle.waterface" path="bitmap\waterface.png" />
		<bitmap id="bitmap.bottle.bottom" path="bitmap\bottom.png" />
		<bitmap id="bitmap.bottle.top" path="bitmap\top.png" />
		<bitmap id="bitmap.bottle.light" path="bitmap\light.png" />
		
		<bitmap id="bitmap.bottle.bottom.full" path="bitmap\full_bottom.png"/>
		<bitmap id="bitmap.bottle.top.full" path="bitmap\full_top.png"/>
		<bitmap id="bitmap.bottle.light.full" path="bitmap\full_light.png"/>
		<bitmap id="bitmap.bottle.light.full2" path="bitmap\full_light2.png"/>	
		
		<bitmap id="bitmap.bottle.pao1" path="bitmap\pao.png"/>
		<bitmap id="bitmap.bottle.pao2" path="bitmap\pao2.png"/>
		<bitmap id="bitmap.bottle.pao3" path="bitmap\pao3.png"/>
	</resource>
</XLUE>