<XLUE>
    <resource>
        <texture id="texture.bttaskdlg.tab_client.bkg" type="NineInOne" image="bitmap\bttask_dlg_bkg.png"/>

		
		<texture id="texture.bttaskdlg.tab.button.selected" type="ThreeInOneH" image="bitmap\bttaskdlg_tab_selected.png"/>
		<texture id="texture.bttaskdlg.tab.button.unselect" type="ThreeInOneH" image="bitmap\bttaskdlg_tab_unselect.png"/>
		
		<texture id="texture.bttaskdlg.blue_tip.bkg" type="ThreeInOneH" image="bitmap\blue_tip_bkg.png"/>
        <texture id="texture.bttaskdlg.red_tip.bkg" type="ThreeInOneH" image="bitmap\red_tip_bkg.png"/>
		<texture id="texture.bttaskdlg.attr_panel.bkg" type="ThreeInOneH" image="bitmap\Bt_attr_panel_title.png"/>
		
		<imagelist id="imagelist.bt.tab" vertical="0" splitter="1" varyblock="1" image="bitmap\imagelist.bt.tab.png"/>
		<texture id="texture.bt.tab.select" type="ThreeInOneH" imagelist="imagelist.bt.tab" index="1" />
		<texture id="texture.bt.tab.normal" type="ThreeInOneH" imagelist="imagelist.bt.tab" index="2" />
		<texture id="texture.bt.tab.hover" type="ThreeInOneH" imagelist="imagelist.bt.tab" index="3" />

    </resource>
</XLUE>
