<XLUE>
	<resource>
		<texture id="texture.floatpanel.taskline" type="Normal" image="bitmap\floatpanel.taskline.png">
			<part id="topleft">
				<src left="0" top="0" width="1" height="22"/>
				<dest left="0" top="height-22" width="1" height="22"/>
			</part>
		</texture>
		<bitmap id="bitmap.floatpanel.logo" path="bitmap/floatpanel.logo.png" />
		<imagelist id="bitmap.floatpanel.iconlist" vertical="0" splitter="1" varyblock="0" blocksize="27" image="bitmap/bitmap.floatpanel.icon.png"/>
		<bitmap id="bitmap.floatpanel.icon.normal" imagelist="bitmap.floatpanel.iconlist" index="1"/>
		<bitmap id="bitmap.floatpanel.icon.hover" imagelist="bitmap.floatpanel.iconlist" index="2"/>
		<bitmap id="bitmap.floatpanel.icon.down" imagelist="bitmap.floatpanel.iconlist" index="3"/>
		<bitmap id="bitmap.floatpanel.downicon" path="bitmap/bitmap.floatpanel.downicon.png" />
		
		<imagelist id="bitmap.floatpanel.pinlist" vertical="0" splitter="1" varyblock="0" blocksize="17" image="bitmap/floatpane.pin.png"/> 
		<bitmap id="bitmap.floatpanel.pin.normal" imagelist="bitmap.floatpanel.pinlist" index="1"/>
		<bitmap id="bitmap.floatpanel.pin.hover" imagelist="bitmap.floatpanel.pinlist" index="2"/>
		<bitmap id="bitmap.floatpanel.pinned.normal" imagelist="bitmap.floatpanel.pinlist" index="3"/>
		<bitmap id="bitmap.floatpanel.pinned.hover" imagelist="bitmap.floatpanel.pinlist" index="4"/>
		
		<bitmap id="bitmap.floatpanel.progress" path="bitmap/bitmap.floatpanel.progress.png" />
		<bitmap id="bitmap.floatpanel.progress.light" path="bitmap/bitmap.floatpanel.progress.light.png" />
		<texture id="texture.mask.floatpanel.progress" type="ThreeInOneH" image="bitmap/mask.floatpanel.progress.png" />
		<texture id="texture.floatpanel.bkg" type="ThreeInOneH" image="bitmap/texture.floatpanel.bkg.png"/>
		<texture id="texture.floatpanel.panel" type="NineInOne" image="bitmap/texture.floatpanel.panel.png"/>
		<texture id="texture.floatpanel.border" type="NineInOne" image="bitmap/texture.floatpanel.border.png" drop="100"/>
		<texture id="texture.floatpanel.graphybkg" type="ThreeInOneH" image="bitmap/texture.floatpanel.graphybkg.png"/>
		<texture id="texture.floatpanel.graphy" type="Stretch" image="bitmap/texture.floatpanel.graphy.png" />
	</resource>
</XLUE>


