<XLUE>
	<resource>
		<texture id="texture.maintab.bkg" type="ThreeInOneH" image="bitmap\texture.maintab.bkg.png" />

		<imagelist id="imagelist.gougou_search" splitter="1" vertical="0" varyblock="1" image="bitmap\gougou.png"/>

		<bitmap id="bitmap.gougou_search.search_button.bkg.normal" imagelist="imagelist.gougou_search" index="1"/>
		<bitmap id="bitmap.gougou_search.search_button.bkg.hover" imagelist="imagelist.gougou_search" index="2"/>
		<bitmap id="bitmap.gougou_search.search_button.bkg.down" imagelist="imagelist.gougou_search" index="3"/>

		<bitmap id="bitmap.gougou_search.drop_down_button.bkg.normal" imagelist="imagelist.gougou_search" index="4"/>
		<bitmap id="bitmap.gougou_search.drop_down_button.bkg.hover" imagelist="imagelist.gougou_search" index="5"/>
		<bitmap id="bitmap.gougou_search.drop_down_button.bkg.down" imagelist="imagelist.gougou_search" index="6"/>
		
		<bitmap id="bitmap.gougou_search.logo" imagelist="imagelist.gougou_search" index="7"/>
		
		<texture id="textrue.gougou_search.bkg" type="ThreeInOneH" imagelist="imagelist.gougou_search" index="8"/>
	</resource>
</XLUE>