<XLUE>
	<resource>
		<font id="font.tab.item" height="13" facename="defaultfont"  />

		<imagelist id="imagelist.maintab" splitter="1" vertical="0" blocksize="88" varyblock="0" image="bitmap\bitmap.tab.png"/>
		<bitmap id="bitmap.maintab.normal" imagelist="imagelist.maintab" index="2"/>
		<bitmap id="bitmap.maintab.hover" imagelist="imagelist.maintab" index="1"/>
		<bitmap id="bitmap.maintab.down" imagelist="imagelist.maintab" index="3"/>
		<bitmap id="bitmap.maintab.select" imagelist="imagelist.maintab" index="3"/>

		<imagelist id="imagelist.plugintab" splitter="1" vertical="0" varyblock="1" image="bitmap\plugintabbtn.png"/>
		<bitmap id="plugin.behindtab.btn.normal" imagelist="imagelist.plugintab" index="1"/>
		<bitmap id="plugin.behindtab.btn.hover" imagelist="imagelist.plugintab" index="2"/>
		<bitmap id="plugin.behindtab.btn.down" imagelist="imagelist.plugintab" index="3"/>
		<bitmap id="plugin.behindtab.btn.select" imagelist="imagelist.plugintab" index="3"/>
		<bitmap id="plugin.behindtab.btn.disable" imagelist="imagelist.plugintab" index="4"/>
		<bitmap id="plugin.pevioustab.btn.normal" imagelist="imagelist.plugintab" index="5"/>
		<bitmap id="plugin.pevioustab.btn.hover" imagelist="imagelist.plugintab" index="6"/>
		<bitmap id="plugin.pevioustab.btn.down" imagelist="imagelist.plugintab" index="7"/>
		<bitmap id="plugin.pevioustab.btn.select" imagelist="imagelist.plugintab" index="7"/>
		<bitmap id="plugin.pevioustab.btn.disable" imagelist="imagelist.plugintab" index="8"/>
		
		<imagelist id="imagelist.maintab.close" splitter="1" vertical="0" blocksize="9" varyblock="0" image="bitmap\imagelist.main.tab.close.png"/>
		<texture id="bitmap.maintab.close.nor" type="Stretch" imagelist="imagelist.maintab.close" index="1" />
		<texture id="bitmap.maintab.close.hov" type="Stretch" imagelist="imagelist.maintab.close" index="2" />
		<texture id="bitmap.maintab.close.down" type="Stretch" imagelist="imagelist.maintab.close" index="3" />
		
		<color id="color.maintab.text.select" red="0" green="0" blue="0" alpha="255" />
		<color id="color.maintab.text.normal" red="83" green="83" blue="83" alpha="255" />
		<color id="color.maintab.text.hover" red="32" green="84" blue="167" alpha="255" />
		<color id="color.maintab.text.down" red="32" green="84" blue="167" alpha="255" />

		<texture id="newaddin.tips.bkg" type="ThreeInOneH" image="bitmap\newaddin.tips.bkg.png" />
	</resource>
</XLUE>
