<XLUE>
	<resource>
		<bitmap id="malladdin.icon.category" path="bitmap\malladdin.icon.category.png"/>
		<!-- 工具拦按钮 -->
		<imagelist id="malladdin.toolbar.icon.imagelist" splitter="1" vertical="0" varyblock ="1" image="bitmap\malladdin.toolbar.icon.png"/>
		<bitmap id="malladdin.toolbar.button.icon.disable"      imagelist="malladdin.toolbar.icon.imagelist" index="2"/>
		<bitmap id="malladdin.toolbar.button.icon.normal"      imagelist="malladdin.toolbar.icon.imagelist" index="1"/>
		<bitmap id="malladdin.toolbar.button.icon.small" path="bitmap\malladdin.toolbar.icon.small.png" />
		<imagelist id="malladdin.toolbar.ani.imagelist" splitter="1" vertical="0" varyblock ="0"  blocksize="40" image="bitmap\malladdin.toolbar.ani.imagelist.png"/>
		<imageseq id="malladdin.toolbar.ani" imagelist="malladdin.toolbar.ani.imagelist"/>
	</resource>
</XLUE>