<XLUE>
	<resource>
		<imagelist id="Mobile.guid.phoneicon.icon.imagelist" vertical="0" splitter="1" varyblock="0" blocksize="22" image="bitmap\Mobile.phoneicon.png"/>
		<bitmap id="Mobile.guid.icon" imagelist="Mobile.guid.phoneicon.icon.imagelist" index="1"/>
		<bitmap id="Mobile.bitmap.mobile.center.icon" imagelist="Mobile.guid.phoneicon.icon.imagelist" index="2"/>
		<bitmap id="Mobile.bitmap.mobile.center.unknown.icon" imagelist="Mobile.guid.phoneicon.icon.imagelist" index="3"/>
		<bitmap id = "Mobile.iPadIcon" path = "bitmap\Mobile.ipad16.png"/>
		<bitmap id = "Mobile.ipadBtn.normal" path = "bitmap\Mobile.ipadButton.png"/>
		<bitmap id = "Mobile.ipadwifi" path = "bitmap\Mobile.ipadwifi.png"/>	
	</resource>                                                                    
</XLUE>                                                                          
