<XLUE>
	<resource>
		<texture id="texture.msgbox.bkg" type="ThreeInOneH" image="bitmap\msgbox_bkg.png"/>
		<imagelist id="imagelist.msgcox.close" vertical="0" splitter="1" varyblock="1" image="bitmap\msgbox_close.png"/>
		<texture id="texture.msgbox.close.normal" imagelist="imagelist.msgcox.close" index="1"/>
		<texture id="texture.msgbox.close.hover" imagelist="imagelist.msgcox.close" index="2"/>
		<texture id="texture.msgbox.close.down" imagelist="imagelist.msgcox.close" index="3"/>
		
		<imagelist id="imagelist.msgcox.close.heavy" vertical="0" splitter="1" varyblock="1" image="bitmap\msgbox.close.heavy.png"/>
		<texture id="texture.msgbox.close.heavy.normal" imagelist="imagelist.msgcox.close.heavy" index="1"/>
		<texture id="texture.msgbox.close.heavy.hover" imagelist="imagelist.msgcox.close.heavy" index="2"/>
		<texture id="texture.msgbox.close.heavy.down" imagelist="imagelist.msgcox.close.heavy" index="3"/>
		
		<imagelist id="imagelist.msgbox.icon" vertical="0" splitter="1" varyblock="1" image="bitmap\msgbox_icon.png"/>
        <bitmap id="bitmap.msgbox.icon.question" imagelist="imagelist.msgbox.icon" index="1" />
		<bitmap id="bitmap.msgbox.icon.infomation" imagelist="imagelist.msgbox.icon" index="2" />
		<bitmap id="bitmap.msgbox.icon.exclamation" imagelist="imagelist.msgbox.icon" index="3" />

		<bitmap id="bitmap.icon.clock" imagelist="imagelist.msgbox.icon" index="4" />

		<bitmap id="bitmap.msgbox.icon.clock" path="bitmap\schedule.task.clock.png"/>
		<bitmap id="bitmap.about.logo" path="bitmap\about.logo.png" />
		<bitmap id="bitmap.about.bkg" path="bitmap\about.bkg.png" />
		<texture id="texture.msgbox.line"  type="Fill" image="bitmap\msgbox_line.png" />
		<texture id="texture.msgbox.light"  type="Fill" image="bitmap\dlg_bottom_light.png" />
	</resource>
</XLUE>
