<XLUE>
    <resource>
        <texture id="texture.newtask.btn.bkg" type="ThreeInOneH" image="bitmap\texture.newtask.btn.bkg.png"/>
        
		<bitmap id="mydocument" path="bitmap\my_document.png" />
		<bitmap id="newtask.folder" path="bitmap\newtask.folder.png" />
		<bitmap id="bitmap.newtask.dapbutton.icon" path="bitmap\newtask_dapButton.png" />
		<bitmap id="newtask.supporttasktype.bkg" path="bitmap\newtask.supporttasktype.png"/>
		<bitmap id="newtask.supporttasktype.bkg.bkg" path="bitmap\newtask.supporttasktypebkg.png"/>
		
        <imagelist id="newtaskdlg.opendir.button" vertical="0" varyblock="1" splitter="1" image="bitmap\newtask.opendir.btn.png"/>
        <texture id="opendir.btn.normal" imagelist="newtaskdlg.opendir.button" index="1"/>
        <texture id="opendir.btn.hover" imagelist="newtaskdlg.opendir.button" index="2"/>
        <texture id="opendir.btn.down" imagelist="newtaskdlg.opendir.button" index="3"/>
		
		<imagelist id="newtaskdlg2.opendir.button" vertical="0" varyblock="1" splitter="1" image="bitmap\newtask2.opendir.btn.png"/>
        <bitmap id="opendir2.btn.normal" imagelist="newtaskdlg2.opendir.button" index="1"/>
        <bitmap id="opendir2.btn.down" imagelist="newtaskdlg2.opendir.button" index="2"/>
        
		<imagelist id="newtaskdlg.combo.btn.icon" vertical="0" varyblock="1" splitter="1" image="bitmap\imagelist.newtask.combo.btn.icon.png"/>
		<bitmap id="newtask.combo.btn.icon.normal" imagelist="newtaskdlg.combo.btn.icon" index="1" />
		<bitmap id="newtask.combo.btn.icon.down" imagelist="newtaskdlg.combo.btn.icon" index="2" />
		
		<imagelist id="imagelist.newtask.cate.arrow" vertical="0" varyblock="1" splitter="1" image="bitmap\imagelist.newtask.cate.arrow.png" />
		<bitmap id="newtask.cate.arrow" imagelist="imagelist.newtask.cate.arrow" index="1" />
		
        <imagelist id="imagelist.newtaskdlg.button" vertical="0" varyblock="1" splitter="1" image="bitmap\imagelist.newtaskdlg.button.png"/>
        <bitmap id="bitmap.download.icon" imagelist="imagelist.newtaskdlg.button" index="1"/>
        <bitmap id="bitmap.confirm.icon" imagelist="imagelist.newtaskdlg.button" index="3"/>
        <texture id="texture.btn.bkg.normal" type="NineInOne" imagelist="imagelist.newtaskdlg.button" index="4"/>
        <texture id="texture.btn.bkg.hover" type="NineInOne" imagelist="imagelist.newtaskdlg.button" index="5"/>
        <texture id="texture.btn.bkg.down" type="NineInOne" imagelist="imagelist.newtaskdlg.button" index="6"/>
		
        <texture id="texture.tip.bkg.left.up" type="NineInOne" image="bitmap\texture.tip.bkg.left.up.png"/>
        <texture id="texture.tip.bkg.left.down" type="NineInOne" image="bitmap\texture.tip.bkg.left.down.png"/>
        <texture id="texture.tip.bkg.right.up" type="NineInOne" image="bitmap\texture.tip.bkg.right.up.png"/>
        <texture id="texture.tip.bkg.right.down" type="NineInOne" image="bitmap\texture.tip.bkg.right.down.png"/>
        
        <imagelist id="imagelist.expendbtn" vertical="0" varyblock="1" splitter="1" image="bitmap\imagelist.expendbtn.png"/>
        <texture id="texture.expendbtn.unexpend.normal" type="Fill" imagelist="imagelist.expendbtn" index="1"/>
		<texture id="texture.expendbtn.unexpend.hover" type="Fill" imagelist="imagelist.expendbtn" index="2" />
        <texture id="texture.expendbtn.unexpend.down" type="Fill" imagelist="imagelist.expendbtn" index="3"/>
        <texture id="texture.expendbtn.expend.normal" type="Fill" imagelist="imagelist.expendbtn" index="4"/>
		<texture id="texture.expendbtn.expend.hover" type="Fill" imagelist="imagelist.expendbtn" index="5" />
        <texture id="texture.expendbtn.expend.down" type="Fill" imagelist="imagelist.expendbtn" index="6"/>
		
        <imagelist id="imagelist.newtask.top.edit" vertical="0" splitter="1" varyblock="1" image="bitmap\imagelist.newtask.top.edit.png"/>
		<texture id="texture.newtask.top.edit.bkg.normal" type="NineInOne" imagelist="imagelist.newtask.top.edit" index="2" />
		<texture id="texture.newtask.top.edit.bkg.hover" type="NineInOne" imagelist="imagelist.newtask.top.edit" index="1" />
        
        <imagelist id="imagelist.newtask.edit" vertical="0" splitter="1" varyblock="1" image="bitmap\imagelist.newtask.edit.png"/>
        <bitmap id="bitmap.url.icon" imagelist="imagelist.newtask.edit" index="1"/>
        <bitmap id="bitmap.filename.icon" imagelist="imagelist.newtask.edit" index="2"/>
        <bitmap id="bitmap.path.icon" imagelist="imagelist.newtask.edit" index="3"/>
        <texture id="texture.combobtn.normal" imagelist="imagelist.newtask.edit" index="4"/>
        <texture id="texture.combobtn.hover" imagelist="imagelist.newtask.edit" index="5"/>
        <texture id="texture.combobtn.down" imagelist="imagelist.newtask.edit" index="6"/>
        <bitmap id="bitmap.combobtn.normal" imagelist="imagelist.newtask.edit" index="4"/>
        <bitmap id="bitmap.combobtn.hover" imagelist="imagelist.newtask.edit" index="5"/>
        <bitmap id="bitmap.combobtn.down" imagelist="imagelist.newtask.edit" index="6"/>
        <texture id="texture.edit.bkg.disable" type="NineInOne" imagelist="imagelist.newtask.edit" index="10"/>
        <texture id="texture.edit.bkg.normal" type="NineInOne" imagelist="imagelist.newtask.edit" index="11"/>
        <texture id="texture.edit.bkg.hover" type="NineInOne" imagelist="imagelist.newtask.edit" index="12"/>
        <texture id="texture.edit.light" type="NineInOne" image="bitmap\edit.light.png"/>

        <imagelist id="imagelist.newtask.combo.btn" vertical="0" splitter="1" varyblock="1" image="bitmap\imagelist.newtask.combo.btn.png"/>
        <texture id="texture.newtask.combobtn.normal" type="ThreeInOneH" imagelist="imagelist.newtask.combo.btn" index="1"/>
        <texture id="texture.newtask.combobtn.hover" type="ThreeInOneH" imagelist="imagelist.newtask.combo.btn" index="2"/>
        <texture id="texture.newtask.combobtn.down" type="ThreeInOneH" imagelist="imagelist.newtask.combo.btn" index="3"/>
        <texture id="texture.newtask.combobtn.disable" type="ThreeInOneH" imagelist="imagelist.newtask.combo.btn" index="1"/>
        <texture id="texture.newtask.dir.normal" type="ThreeInOneH" imagelist="imagelist.newtask.combo.btn" index="4"/>
        <texture id="texture.newtask.dir.hover" type="ThreeInOneH" imagelist="imagelist.newtask.combo.btn" index="5"/>
        <texture id="texture.newtask.dir.down" type="ThreeInOneH" imagelist="imagelist.newtask.combo.btn" index="6"/>
        <texture id="texture.newtask.dir.disable" type="ThreeInOneH" imagelist="imagelist.newtask.combo.btn" index="4"/>
		
        <imagelist id="imagelist.starttaskbtn" vertical="0" splitter="1" varyblock="1" image="bitmap\imagelist.startbtn.png" />
        <texture id="texture.starttask.bkg.normal" imagelist="imagelist.starttaskbtn" index="2" />
        <texture id="texture.starttask.bkg.main.hover" imagelist="imagelist.starttaskbtn" index="3" />
        <texture id="texture.starttask.bkg.main.down" imagelist="imagelist.starttaskbtn" index="5" />
        <texture id="texture.starttask.bkg.mode.hover" imagelist="imagelist.starttaskbtn" index="4" />
        <texture id="texture.starttask.bkg.mode.down" imagelist="imagelist.starttaskbtn" index="6" />

        <imagelist id="imagelist.checkbox" vertical="0" splitter="1" varyblock="1" image="bitmap\imagelist.checkbox.png" />
        <bitmap id="bitmap.tick.max" imagelist="imagelist.checkbox" index="1" />
        <bitmap id="bitmap.tick.normal" imagelist="imagelist.checkbox" index="3" />
        <bitmap id="bitmap.tick.disable" imagelist="imagelist.checkbox" index="4" />
		<bitmap id="bitmap.box.normal" imagelist="imagelist.checkbox" index="2" />
        <bitmap id="bitmap.box.disable" imagelist="imagelist.checkbox" index="5" />
        <bitmap id="bitmap.box.hover" imagelist="imagelist.checkbox" index="6" />
		
		<imagelist id="imagelist.bt.filelist.checkbox.precheck" vertical="0" splitter="1" varyblock="1" image="bitmap\bt_filelist_checkbox_precheck.png" />
        <bitmap id="bitmap.precheck.normal" imagelist="imagelist.bt.filelist.checkbox.precheck" index="2" />
        <bitmap id="bitmap.precheck.disable" imagelist="imagelist.bt.filelist.checkbox.precheck" index="3" />
        
        <imagelist id="imagelist.newtask.close" vertical="0" splitter="1" varyblock="1" image="bitmap\newtask.close.png" />
		<texture id="texture.newtask.close.bkg.nor" imagelist="imagelist.newtask.close" index="4" />
		<texture id="texture.newtask.close.bkg.hover" imagelist="imagelist.newtask.close" index="5" />
		<texture id="texture.newtask.close.bkg.down" imagelist="imagelist.newtask.close" index="6" />
			
			
		<texture id="texture.batchnewtask.edit.bkg" type="NineInOne" image="bitmap\bttask_dlg_bkg.png"/>

		<color id="color.batcknewtask.title" red="1" green="67" blue="149" alpha="255" />
			
		<texture id="texture.combolistbox.bkg" type="NineInOne" image="bitmap\texture.combolistbox.bkg.png" />
		
		<texture id="texture.texthover.bkg" type="ThreeInOneH" image="bitmap\texture.newtask2.texthover.png" />
		
		<bitmap id="bitmap.newtask.category.arrow" imagelist="TaskBasicInfo.Detection.Arrows" index="1" />
		
        <imagelist id="imagelist.newtask2.icon" vertical="0" splitter="1" varyblock="1" image="bitmap\imagelist.newtask2.icon.png" />
		<bitmap id="bitmap.newtask2.ieicon" imagelist="imagelist.newtask2.icon" index="1"/>
		<bitmap id="bitmap.newtask2.foldericon" imagelist="imagelist.newtask2.icon" index="2"/>
		
		<bitmap id="bitmap.newtask2.icon.spliter" path="bitmap/bitmap.newtask2.icon.spliter.png" />
		
		<imagelist id="imagelist.newtask.button" splitter="1" vertical="0" varyblock="1" image="bitmap\newtask.button.png"/>
		<bitmap id="bitmap.ok.logo" imagelist="imagelist.newtask.button" index="4" />	
    </resource>
</XLUE>
