<xlue>
    <resource>        
        <imagelist id="plugin.item.list" vertical="0" varyblock="1" splitter="1" image="bitmap\mainwnd_share_hover.png"/>
        <bitmap id="plugin.item.close.normal" imagelist="plugin.item.list" index="3"/>
        <bitmap id="plugin.item.close.hover" imagelist="plugin.item.list" index="4"/>
        <bitmap id="plugin.item.close.down" imagelist="plugin.item.list" index="5"/>
        <texture id="item.bkg.hover" type="ThreeInOneH" imagelist="plugin.item.list" index="1"/>
        <texture id="item.bkg.down" type="ThreeInOneH" imagelist="plugin.item.list" index="2"/>
        <bitmap id="plugin.addplugin.btn" imagelist="plugin.item.list" index="13"/>
        <texture id="addplugin.btn.hover" type="ThreeInOneH" imagelist="plugin.item.list" index="14"/>
        <texture id="addplugin.btn.down" type="ThreeInOneH" imagelist="plugin.item.list" index="15"/>
		
        <imagelist id="taskinfo.panel.setting" vertical="0" splitter="1" varyblock="1" image="bitmap\taskinfo.panel.setting.png"/>
        <bitmap id="taskinfo.panel.setting.normal" imagelist="taskinfo.panel.setting" index="1"/>
        <bitmap id="taskinfo.panel.setting.hover" imagelist="taskinfo.panel.setting" index="2"/>
        <bitmap id="taskinfo.panel.setting.down" imagelist="taskinfo.panel.setting" index="3"/>		
        <imagelist id="taskinfo.panel.movebtn" vertical="0" splitter="1" varyblock="1" image="bitmap\taskinfo.panel.movebtn.png"/>
        <bitmap id="taskinfo.panel.moveleft.normal" imagelist="taskinfo.panel.movebtn" index="1"/>
        <bitmap id="taskinfo.panel.moveleft.hover" imagelist="taskinfo.panel.movebtn" index="2"/>
        <bitmap id="taskinfo.panel.moveleft.down" imagelist="taskinfo.panel.movebtn" index="3"/>
        <bitmap id="taskinfo.panel.moveright.normal" imagelist="taskinfo.panel.movebtn" index="4"/>
        <bitmap id="taskinfo.panel.moveright.hover" imagelist="taskinfo.panel.movebtn" index="5"/>
        <bitmap id="taskinfo.panel.moveright.down" imagelist="taskinfo.panel.movebtn" index="6"/>		
		
        <bitmap id="plugin.platform.addin.news" path="bitmap\plugin.platform.addin.news.png"/>
		<imagelist id="imagelist.toolbar.platform.ani" splitter="1" vertical="0" varyblock ="0"  blocksize="40" image="bitmap\imagelist.toolbar.platform.ani.png"/>
		<imageseq id="toolbar.platform.ani" imagelist="imagelist.toolbar.platform.ani"/>
		
        <imagelist id="plugin.prompt.bkg" vertical="0" splitter="1" varyblock="1" image="bitmap\plugin.prompt.bkg.png"/>
        <texture id="plugin.prompt.bkg.righttop" type="NineInOne" imagelist="plugin.prompt.bkg" index="1"/>
        <texture id="plugin.prompt.bkg.lefttop" type="NineInOne" imagelist="plugin.prompt.bkg" index="2"/>
        <texture id="plugin.prompt.bkg.leftbottom" type="NineInOne" imagelist="plugin.prompt.bkg" index="3"/>
        <texture id="plugin.prompt.bkg.rightbottom" type="NineInOne" imagelist="plugin.prompt.bkg" index="4"/>
        <imagelist id="plugin.prompt.close.btn" vertical="0" splitter="1" varyblock="1" image="bitmap\plugin.prompt.close.btn.png"/>
        <bitmap id="plugin.prompt.close.btn.normal" imagelist="plugin.prompt.close.btn" index="1"/>
        <bitmap id="plugin.prompt.close.btn.hover" imagelist="plugin.prompt.close.btn" index="2"/>
        <bitmap id="plugin.prompt.close.btn.down" imagelist="plugin.prompt.close.btn" index="3"/>
		
        <bitmap id="addin.update.icon" path="bitmap\addin.update.icon.png"/>
        <bitmap id="addin.install.new.icon" path="bitmap\addin.install.new.icon.png"/>
		<imagelist id="progress.point.ani.seq" vertical="0" varyblock ="0" splitter="1" blocksize="9" image="bitmap\progress.point.ani.png"/>
		<imageseq id="progress.point.ani" imagelist="progress.point.ani.seq"/>
	</resource>
</xlue>
