<XLUE>
	<resource>
		
		<texture id="skinpanel.item.normal"  type="ThreeInOneH" image="bitmap\skinpanel.item.normal.png"/>
		<bitmap id="skinpanel.item.select" path="bitmap\skinpanel.item.select.png"/>
		
		<bitmap id="skinpanel.item.promotion" path="bitmap\skinpanel.item.promotion.png"/>
		<bitmap id="skinpanel.item.promotion.sign" path="bitmap\skinpanel.item.promotion.sign.png"/>
		
		<texture id="skinpanel.colorscheme.select" type="ThreeInOneH" image="bitmap\skinpanel.colorscheme.select.png"/>
		
		<bitmap id="skinpanel.splitter" path="bitmap\skinpanel.splitter.png"/>
		
		<imagelist id="imagelist.skinpanel.btn.icon" splitter="1" vertical="0" varyblock="0" blocksize="19" image="bitmap\skinpanel.btn.icon.png"/>
		<bitmap id="skinpanel.btn.edit" imagelist="imagelist.skinpanel.btn.icon" index="2"/>
		<bitmap id="skinpanel.btn.add" imagelist="imagelist.skinpanel.btn.icon" index="1"/>
		
		<texture id="bkg.whiteshadow.big" type="NineInOne" image="bitmap\bkg.whiteshadow.big.png"/>
		<texture id="bkg.whiteshadow.mid" type="NineInOne" image="bitmap\bkg.whiteshadow.mid.png"/>
		<texture id="bkg.whiteshadow.small" type="NineInOne" image="bitmap\bkg.whiteshadow.small.png"/>
		
		<bitmap id="skinpanel.colorscheme.mask" path="bitmap\skinpanel.colorscheme.mask.png"/>
		
		<texture id="skineditor.selectbox" type="NineInOne" path="bitmap\skineditor.selectbox.png"/>
		
		<texture id="skineditor.zoom.bar" type="ThreeInOneH" image="bitmap\skineditor.zoom.bar.png"/>
		<texture id="skinpanel.sliderbar.alpha" type="Stretch" image="bitmap\skinpanel.sliderbar.alpha.png"/>
		
		<imagelist id="skinpanel.delete" splitter="1" varyblock="1" image="bitmap\skinpanel.delete.png"/>
		<bitmap id="skinpanel.delete.normal" imagelist="skinpanel.delete" index="1"/>
		<bitmap id="skinpanel.delete.down" imagelist="skinpanel.delete" index="2"/>
		<bitmap id="skinpanel.thumbnail.default" path="bitmap\skinpanel.thumbnail.default.png"/>
		
		<bitmap id="skinpanel.listview.mask" path="bitmap\skinpanel.listview.mask.png"/>
		
		<texture id="bkg.mask" type="NineInOne" image="bitmap\bkg.mask.png"/>
		
		<texture id="bkg.border" drop="100" type="NineInOne" image="bitmap\bkg.border.png"/>
		<texture id="bkg.shadow" drop="100" type="NineInOne" image="bitmap\bkg.shadow.png"/>
		<texture id="bkg.border.black" drop="100" type="NineInOne" image="bitmap\bkg.border.black.png"/>
		<texture id="bkg.shadow.black" drop="100" type="NineInOne" image="bitmap\bkg.shadow.black.png"/>
		<texture id="bkg.bottombar" type="ThreeInOneH" image="bitmap\bkg.bottombar.png"/>
		<texture id="bkg.flash" drop="100" type="NineInOne" image="bitmap\bkg.flash.png"/>
		
		<imagelist id="imagelist.skinpanel.sliderbar.bkg" splitter="1" vertical="0" varyblock="1" image="bitmap\skinpanel.sliderbar.bkg.png"/>
		<bitmap id="skinpanel.sliderbar.mainwnd.bkg" imagelist="imagelist.skinpanel.sliderbar.bkg" index="1"/>
		<bitmap id="skinpanel.sliderbar.tasklist.bkg" imagelist="imagelist.skinpanel.sliderbar.bkg" index="2"/>
		<bitmap id="skinpanel.sliderbar.edit.bkg" imagelist="imagelist.skinpanel.sliderbar.bkg" index="3"/>
		
		<imagelist id="imagelist.skinpanel.sliderbar.btn" splitter="1" vertical="0" varyblock="1" image="bitmap\skinpanel.sliderbar.btn.png"/>
		<texture id="skinpanel.sliderbar.btn.normal" imagelist="imagelist.skinpanel.sliderbar.btn" index="1"/>
		<texture id="skinpanel.sliderbar.btn.hover" imagelist="imagelist.skinpanel.sliderbar.btn" index="2"/>
		
		<imagelist id="imagelist.skinpanel.auto.set" splitter="1" vertical="0" varyblock="1" image="bitmap\imagelist.skinpanel.auto.set.png"/>
		<bitmap id="skinpanel.auto.set.normal" imagelist="imagelist.skinpanel.auto.set" index="1"/>
		<bitmap id="skinpanel.auto.set.down" imagelist="imagelist.skinpanel.auto.set" index="2"/>
		
		<color id="bkg.shading.top" value="#9bcbf7"/>
		<color id="bkg.shading.bottom" value="#f5f8fa"/>
		
		<imagelist id="skinpanel.edit.opt" splitter="1" vertical="0" blocksize="29" varyblock="0" image="bitmap\skinpanel.edit.opt.png"/>
		<bitmap id="edit.rotate.left.normal"  imagelist="skinpanel.edit.opt" index="1" />
		<bitmap id="edit.rotate.left.hover"  imagelist="skinpanel.edit.opt" index="2" />
		<bitmap id="edit.rotate.left.down"  imagelist="skinpanel.edit.opt" index="3" />
		<bitmap id="edit.rotate.left.disable"  imagelist="skinpanel.edit.opt" index="1" />
		<bitmap id="edit.rotate.right.normal"  imagelist="skinpanel.edit.opt" index="4" />
		<bitmap id="edit.rotate.right.hover"  imagelist="skinpanel.edit.opt" index="5" />
		<bitmap id="edit.rotate.right.down"  imagelist="skinpanel.edit.opt" index="6" />
		<bitmap id="edit.rotate.right.disable"  imagelist="skinpanel.edit.opt" index="4" />
		<bitmap id="edit.reversal.normal"  imagelist="skinpanel.edit.opt" index="7" />
		<bitmap id="edit.reversal.hover"  imagelist="skinpanel.edit.opt" index="8" />
		<bitmap id="edit.reversal.down"  imagelist="skinpanel.edit.opt" index="9" />
		<bitmap id="edit.reversal.disable"  imagelist="skinpanel.edit.opt" index="7" />
		
		<texture id="skinpanel.edit.img.bkg" type="NineInOne" image="bitmap\edit.area.bkg.png"/>
		<texture id="skinpanel.edit.left.bkg" type="NineInOne" image="bitmap\skinpanel.edit.left.bkg.png"/>
		
		<texture id="skinpanel.edit.separator.line" type="Fill" image="bitmap\skinpanel.edit.line.png"/>
		
		<bitmap id="skinpanel.edit.add" path="bitmap\skinpanel.edit.add.png"/>
		
		<imagelist id="skinpanel.eidt.tab.list" splitter="1" vertical="0" varyblock="1" image="bitmap\skinpanel.eidt.tab.list.png"/>
		<texture id="skinpanel.eidt.tab.normal" type="ThreeInOneH" imagelist="skinpanel.eidt.tab.list" index="2"/>
		<texture id="skinpanel.eidt.tab.down" type="ThreeInOneH" imagelist="skinpanel.eidt.tab.list" index="1"/>
		
		<texture id="skinpanel.eidt.tab.line" type="Fill" image="bitmap\skinpanel.eidt.tab.line.png"/>
		<texture id="skinpanel.edit.drag.dot"  image="bitmap\skinpanel.edit.drag.simulaotr.dot.png"/>
		<texture id="skinpanel.edit.drag.simulaotr" type="NineInOne" image="bitmap\skinpanel.edit.drag.simulaotr.png"/>
		
		<imagelist id="imagelist.skinpanel.edit" splitter="1" vertical="0" varyblock="1" image="bitmap\skinpanel.item.edit.png"/>
		<bitmap id="skinpanel.item.edit.normal" imagelist="imagelist.skinpanel.edit" index="1"/>
		<bitmap id="skinpanel.item.edit.down" imagelist="imagelist.skinpanel.edit" index="2"/>
		
	</resource>
</XLUE>