<XLUE>
	<resource>	
		<imagelist id="imagelist.mainwnd.status_bar.button_bkg" splitter="1" vertical="0" varyblock ="0" blocksize="14"  image="bitmap\texture.combutton.png" color="ff00ff"/>
		<texture id="texture.mainwnd.status_bar.button_bkg.hover" type="ThreeInOneH"  imagelist="imagelist.mainwnd.status_bar.button_bkg" index="1"/>
		<texture id="texture.mainwnd.status_bar.button_bkg.down" type="ThreeInOneH"  imagelist="imagelist.mainwnd.status_bar.button_bkg" index="2"/>
		<texture id="texture.mainwnd.status_bar.button_bkg.disbale" type="ThreeInOneH"  imagelist="imagelist.mainwnd.status_bar.button_bkg" index="2"/>

		<imagelist id="imagelist.mainwnd.status_bar.scheme_button" splitter="1" vertical="0" varyblock ="0" blocksize="18" image="bitmap\scheme.png" color="ff00ff"/>
		<bitmap id="bitmap.mainwnd.status_bar.button.time_scheme" imagelist="imagelist.mainwnd.status_bar.scheme_button" index="1"/>
		<bitmap id="bitmap.mainwnd.status_bar.button.shutdown_scheme" imagelist="imagelist.mainwnd.status_bar.scheme_button" index="2"/>

		<imagelist id="imagelist.mainwnd.status_bar.netstatus" splitter="1" vertical="0" varyblock ="1" image="bitmap\nat.status.png"/>
		<bitmap id="bitmap.mainwnd.status_bar.netstatus.empty" imagelist="imagelist.mainwnd.status_bar.netstatus" index="1"/>
		<bitmap id="bitmap.mainwnd.status_bar.netstatus.full" imagelist="imagelist.mainwnd.status_bar.netstatus" index="2"/>


		<bitmap id="bitmap.mainwnd.status_bar.resize_object" path="bitmap\bitmap.griper.png" /> 
		
		<bitmap id="bitmap.mainwnd.status_bar.speedmode.fast" path="bitmap\FastMode.png" /> 
		<bitmap id="bitmap.mainwnd.status_bar.speedmode.restrict" path="bitmap\RestrictMode.png" /> 
		<bitmap id="bitmap.mainwnd.status_bar.speedmode.game" path="bitmap\GameMode.png" />
		<bitmap id="bitmap.mainwnd.status_bar.speedmode.custom" path="bitmap\CustomMode.png" /> 
		<bitmap id="bitmap.mainwnd.status_bar.speedmode.setting" path="bitmap\DlModeSetting.png" />
		<bitmap id="bitmap.mainwnd.status_bar.speedmode.fast_tip" path="bitmap\FastMode_Tip.png" /> 
		<bitmap id="bitmap.mainwnd.status_bar.speedmode.restrict_tip" path="bitmap\RestrictMode_Tip.png" /> 
		<bitmap id="bitmap.mainwnd.status_bar.speedmode.game_tip" path="bitmap\GameMode_Tip.png" /> 
		<bitmap id="bitmap.mainwnd.status_bar.speedmode.custom_tip" path="bitmap\CustomMode_Tip.png" /> 
		<bitmap id="bitmap.mainwnd.status_bar.speedmode.driverlimit_tip" path="bitmap\DriverLimit_Tip.png" /> 
		<bitmap id="bitmap.mainwnd.status_bar.speedmode.driverlimit" path="bitmap\DriverLimit.png" /> 
		
		<texture id="texture.mainwnd.status_bar.driverlimit.tip" type="NineInOne" image="bitmap\mainwnd_bkg_tip.png" />
		<bitmap id="statusbar.new.bkg" path="bitmap\statusbar.new.bkg.png" /> 
	</resource>
</XLUE>