<xlue>
<resource>
	<texture id = "thundernavigator.texture.navigatorpanel.bkg" type = "NineInOne" path = "./bitmap/thundernavigator.bitmap.panel.bkg.png"/>
	<texture id = "thundernavigator.texture.navigatorpanel.seprator" type = "Stretch" path = "./bitmap/thundernavigator.bitmap.tab.line.png"/>
	<texture id = "thundernavigator.texture.navigatorpanel.tab" type = "NineInOne" path = "./bitmap/thundernavigator.bitmap.tab.png"/>
	<bitmap id = "thundernavigator.bitmap.navigatorpanel.caption" path = "./bitmap/thundernavigator.bitmap.panel.caption.png"/>
	<imagelist id = "thundernavigator.imagelist.entrance.button" vertical = "0" splitter = "1" varyblock = "1" image = "./bitmap/thundernavigator.bitmap.button.entrance.png"/>
	<bitmap id = "thundernavigator.bitmap.entrance.button.normal" imagelist = "thundernavigator.imagelist.entrance.button" index = "4"/>
	<bitmap id = "thundernavigator.bitmap.entrance.button.hover" imagelist = "thundernavigator.imagelist.entrance.button" index = "2"/>
	<bitmap id = "thundernavigator.bitmap.entrance.button.down" imagelist = "thundernavigator.imagelist.entrance.button" index = "3"/>
	<bitmap id = "thundernavigator.bitmap.entrance.button.disable" imagelist = "thundernavigator.imagelist.entrance.button" index = "4"/>
	<imagelist id = "thundernavigator.imagelist.close.button" vertical = "0" splitter = "1" varyblock = "1" image = "./bitmap/thundernavigator.bitmap.button.close.png"/>
	<bitmap id = "thundernavigator.bitmap.close.button.normal" imagelist = "thundernavigator.imagelist.close.button" index= "1"/>
	<bitmap id = "thundernavigator.bitmap.close.button.hover" imagelist = "thundernavigator.imagelist.close.button" index = "2"/>
	<bitmap id = "thundernavigator.bitmap.close.button.down" imagelist = "thundernavigator.imagelist.close.button" index = "3"/>
	<bitmap id = "thundernavigator.bitmap.hideshow.animation.mask" path = "./bitmap/thundernavigator.bitmap.hideshow.animation.mask.png" />
	<bitmap id = "thundernavigator.bitmap.hideshow.animation.mask2" path = "./bitmap/thundernavigator.bitmap.hideshow.animation.mask2.png" />
	<texture id = "thundernavigator.texture.site.hover" type = "NineInOne" path = "./bitmap/thundernavigator.texture.site.hover.png" />
</resource>
</xlue>