<XLUE>
	<resource>
	
		<texture id="texture.mainwnd.toolbar.bkg" type="Fill" image="bitmap\toolbar_bkg.png" />
		<texture id="texture.mainwnd.toolbar.light" type="NineInOne" image="bitmap\toolbar_texture.light.png" />

		<imagelist id="imagelist.mainwnd.toolbar.btn" splitter="1" vertical="0" varyblock ="1" image="bitmap\toolbar_btn.png"/>
		<imagelist id="imagelist.mainwnd.toolbar.icon" splitter="1" vertical="0" varyblock ="1" image="bitmap\toolbar_icon.png"/>

		<!--bitmap id="bitmap.mainwnd.toolbar.button.icon.new.disable"  imagelist="imagelist.mainwnd.toolbar.icon" index="15"/>
		<bitmap id="bitmap.mainwnd.toolbar.button.icon.new.normal"  imagelist="imagelist.mainwnd.toolbar.icon" index="1"/>

		<bitmap id="bitmap.mainwnd.toolbar.button.icon.start.disable"      imagelist="imagelist.mainwnd.toolbar.icon" index="16"/>
		<bitmap id="bitmap.mainwnd.toolbar.button.icon.start.normal"      imagelist="imagelist.mainwnd.toolbar.icon" index="2"/>
		
		<bitmap id="bitmap.mainwnd.toolbar.button.icon.stop.disable"      imagelist="imagelist.mainwnd.toolbar.icon" index="17"/>
		<bitmap id="bitmap.mainwnd.toolbar.button.icon.stop.normal"      imagelist="imagelist.mainwnd.toolbar.icon" index="3"/>

		<bitmap id="bitmap.mainwnd.toolbar.button.icon.delete.disable"      imagelist="imagelist.mainwnd.toolbar.icon" index="18"/>
		<bitmap id="bitmap.mainwnd.toolbar.button.icon.delete.normal"      imagelist="imagelist.mainwnd.toolbar.icon" index="4"/>

		<bitmap id="bitmap.mainwnd.toolbar.button.icon.open_file.disable"      imagelist="imagelist.mainwnd.toolbar.icon" index="19"/>
		<bitmap id="bitmap.mainwnd.toolbar.button.icon.open_file.normal"      imagelist="imagelist.mainwnd.toolbar.icon" index="5"/>

		<bitmap id="bitmap.mainwnd.toolbar.button.icon.open_folder.disable"      imagelist="imagelist.mainwnd.toolbar.icon" index="20"/>
		<bitmap id="bitmap.mainwnd.toolbar.button.icon.open_folder.normal"      imagelist="imagelist.mainwnd.toolbar.icon" index="6"/>

		<bitmap id="bitmap.mainwnd.toolbar.button.icon.config.disable"      imagelist="imagelist.mainwnd.toolbar.icon" index="21"/>
		<bitmap id="bitmap.mainwnd.toolbar.button.icon.config.normal"      imagelist="imagelist.mainwnd.toolbar.icon" index="7"/-->
		
		<imagelist id="imagelist.mainwnd.toolbar.new" splitter="1" vertical="0" varyblock ="0" blocksize="40" image="bitmap\imagelist.toolbar.new.png"/>
		<bitmap id="bitmap.mainwnd.toolbar.button.icon.new.disable"  imagelist="imagelist.mainwnd.toolbar.new" index="2"/>
		<bitmap id="bitmap.mainwnd.toolbar.button.icon.new.normal"  imagelist="imagelist.mainwnd.toolbar.new" index="1"/>

		<imagelist id="imagelist.mainwnd.toolbar.start" splitter="1" vertical="0" varyblock ="0" blocksize="40" image="bitmap\imagelist.toolbar.start.png"/>
		<bitmap id="bitmap.mainwnd.toolbar.button.icon.start.disable"      imagelist="imagelist.mainwnd.toolbar.start" index="2"/>
		<bitmap id="bitmap.mainwnd.toolbar.button.icon.start.normal"      imagelist="imagelist.mainwnd.toolbar.start" index="1"/>
		
		<imagelist id="imagelist.mainwnd.toolbar.stop" splitter="1" vertical="0" varyblock ="0" blocksize="40" image="bitmap\imagelist.toolbar.stop.png"/>
		<bitmap id="bitmap.mainwnd.toolbar.button.icon.stop.disable"      imagelist="imagelist.mainwnd.toolbar.stop" index="2"/>
		<bitmap id="bitmap.mainwnd.toolbar.button.icon.stop.normal"      imagelist="imagelist.mainwnd.toolbar.stop" index="1"/>

		<imagelist id="imagelist.mainwnd.toolbar.delete" splitter="1" vertical="0" varyblock ="0" blocksize="40" image="bitmap\imagelist.toolbar.delete.png"/>
		<bitmap id="bitmap.mainwnd.toolbar.button.icon.delete.disable"      imagelist="imagelist.mainwnd.toolbar.delete" index="2"/>
		<bitmap id="bitmap.mainwnd.toolbar.button.icon.delete.normal"      imagelist="imagelist.mainwnd.toolbar.delete" index="1"/>

		<imagelist id="imagelist.mainwnd.toolbar.open_file" splitter="1" vertical="0" varyblock ="0" blocksize="40" image="bitmap\imagelist.toolbar.run.png"/>
		<bitmap id="bitmap.mainwnd.toolbar.button.icon.open_file.disable"      imagelist="imagelist.mainwnd.toolbar.open_file" index="2"/>
		<bitmap id="bitmap.mainwnd.toolbar.button.icon.open_file.normal"      imagelist="imagelist.mainwnd.toolbar.open_file" index="1"/>

		<imagelist id="imagelist.mainwnd.toolbar.open_folder" splitter="1" vertical="0" varyblock ="0" blocksize="40" image="bitmap\imagelist.toolbar.openfolder.png"/>
		<bitmap id="bitmap.mainwnd.toolbar.button.icon.open_folder.disable"      imagelist="imagelist.mainwnd.toolbar.open_folder" index="2"/>
		<bitmap id="bitmap.mainwnd.toolbar.button.icon.open_folder.normal"      imagelist="imagelist.mainwnd.toolbar.open_folder" index="1"/>

		<imagelist id="imagelist.mainwnd.toolbar.config" splitter="1" vertical="0" varyblock ="0" blocksize="40" image="bitmap\imagelist.toolbar.config.png"/>
		<bitmap id="bitmap.mainwnd.toolbar.button.icon.config.disable"      imagelist="imagelist.mainwnd.toolbar.config" index="2"/>
		<bitmap id="bitmap.mainwnd.toolbar.button.icon.config.normal"      imagelist="imagelist.mainwnd.toolbar.config" index="1"/>
		
		<imagelist id="imagelist.mainwnd.toolbar.restore" splitter="1" vertical="0" varyblock ="0" blocksize="40" image="bitmap\imagelist.toolbar.restore.png"/>
		<bitmap id="bitmap.mainwnd.toolbar.button.icon.restore.disable"      imagelist="imagelist.mainwnd.toolbar.restore" index="2"/>
		<bitmap id="bitmap.mainwnd.toolbar.button.icon.restore.normal"      imagelist="imagelist.mainwnd.toolbar.restore" index="1"/>
		
		<imagelist id="imagelist.mainwnd.toolbar.empty" splitter="1" vertical="0" varyblock ="0" blocksize="40" image="bitmap\imagelist.toolbar.empty.png"/>
		<bitmap id="bitmap.mainwnd.toolbar.button.icon.empty.disable"      imagelist="imagelist.mainwnd.toolbar.empty" index="2"/>
		<bitmap id="bitmap.mainwnd.toolbar.button.icon.empty.normal"      imagelist="imagelist.mainwnd.toolbar.empty" index="1"/>
		
		<imagelist id="imagelist.mainwnd.toolbar.sort" splitter="1" vertical="0" varyblock ="0" blocksize="24" image="bitmap\imagelist.toolbar.sort.png"/>
		<bitmap id="bitmap.mainwnd.toolbar.button.icon.sort.disable"      imagelist="imagelist.mainwnd.toolbar.sort" index="2"/>
		<bitmap id="bitmap.mainwnd.toolbar.button.icon.sort.normal"      imagelist="imagelist.mainwnd.toolbar.sort" index="1"/>
		
		<imagelist id="imagelist.mainwnd.toolbar.share" splitter="1" vertical="0" varyblock ="0" blocksize="40" image="bitmap\imagelist.toolbar.share.png"/>
		<bitmap id="bitmap.mainwnd.toolbar.button.icon.share.disable"      imagelist="imagelist.mainwnd.toolbar.share" index="2"/>
		<bitmap id="bitmap.mainwnd.toolbar.button.icon.share.normal"      imagelist="imagelist.mainwnd.toolbar.share" index="1"/>
			
		<imagelist id="imagelist.mainwnd.toolbar.private" splitter="1" vertical="0" varyblock ="0" blocksize="40" image="bitmap\imagelist.toolbar.private.png"/>
		<bitmap id="bitmap.mainwnd.toolbar.button.icon.private.disable"      imagelist="imagelist.mainwnd.toolbar.private" index="2"/>
		<bitmap id="bitmap.mainwnd.toolbar.button.icon.private.normal"      imagelist="imagelist.mainwnd.toolbar.private" index="1"/>
		
		<bitmap id="menu.private.icon" path="bitmap\toolbar.menu.private.png"/>
		

		<texture id="bitmap.mainwnd.toolbar.round_btton_bkg.normal" type="Fill" image="bitmap\transparent.png"/>
		<texture id="bitmap.mainwnd.toolbar.round_btton_bkg.hover" type="ThreeInOneH"      imagelist="imagelist.mainwnd.toolbar.btn" index="1"/>
		<texture id="bitmap.mainwnd.toolbar.round_btton_bkg.down" type="ThreeInOneH"      imagelist="imagelist.mainwnd.toolbar.btn" index="5"/>
		<texture id="bitmap.mainwnd.toolbar.round_btton_bkg.disable" type="Fill" image="bitmap\transparent.png" />

		<texture id="bitmap.mainwnd.toolbar.left_btton_bkg.normal" type="Fill" image="bitmap\transparent.png"/>
		<texture id="bitmap.mainwnd.toolbar.left_btton_bkg.hover" type="ThreeInOneH"      imagelist="imagelist.mainwnd.toolbar.btn" index="2"/>
		<texture id="bitmap.mainwnd.toolbar.left_btton_bkg.down" type="ThreeInOneH"      imagelist="imagelist.mainwnd.toolbar.btn" index="6"/>
		<texture id="bitmap.mainwnd.toolbar.left_btton_bkg.disable" type="Fill" image="bitmap\transparent.png"/>
		
		<texture id="bitmap.mainwnd.toolbar.right_btton_bkg.normal" type="Fill" image="bitmap\transparent.png" />
		<texture id="bitmap.mainwnd.toolbar.right_btton_bkg.hover" type="ThreeInOneH"      imagelist="imagelist.mainwnd.toolbar.btn" index="4"/>
		<texture id="bitmap.mainwnd.toolbar.right_btton_bkg.down" type="ThreeInOneH"      imagelist="imagelist.mainwnd.toolbar.btn" index="8"/>
		<texture id="bitmap.mainwnd.toolbar.right_btton_bkg.disable" type="Fill" image="bitmap\transparent.png" />
		
		<texture id="bitmap.mainwnd.toolbar.mid_btton_bkg.normal" type="Fill" image="bitmap\transparent.png" />
		<texture id="bitmap.mainwnd.toolbar.mid_btton_bkg.hover" type="ThreeInOneH"      imagelist="imagelist.mainwnd.toolbar.btn" index="3"/>
		<texture id="bitmap.mainwnd.toolbar.mid_btton_bkg.down" type="ThreeInOneH"      imagelist="imagelist.mainwnd.toolbar.btn" index="7"/>
		<texture id="bitmap.mainwnd.toolbar.mid_btton_bkg.disable" type="Fill" image="bitmap\transparent.png" />
		
		<!--bitmap id="bitmap.mainwnd.toolbar.seprate"  imagelist="imagelist.mainwnd.toolbar.btn" index="9"/-->
		<bitmap id="bitmap.mainwnd.toolbar.seprate" path="bitmap\toolbar.seprate.png" />

		<imagelist id="imagelist.mainwnd.toolbar.drop_down_button" splitter="1" vertical="0" varyblock ="0" blocksize="15"  image="bitmap\newtask.down_arrow.png"/>

		<bitmap id="bitmap.mainwnd.toolbar.draw_down_button.bkg.normal"  imagelist="imagelist.mainwnd.toolbar.drop_down_button" index="1"/>
		<bitmap id="bitmap.mainwnd.toolbar.draw_down_button.bkg.hover" imagelist="imagelist.mainwnd.toolbar.drop_down_button" index="2"/>
		<bitmap id="bitmap.mainwnd.toolbar.draw_down_button.bkg.down"  imagelist="imagelist.mainwnd.toolbar.drop_down_button" index="3"/>
		<bitmap id="bitmap.mainwnd.toolbar.draw_down_button.bkg.disable"  imagelist="imagelist.mainwnd.toolbar.drop_down_button" index="4"/>

		<texture id="texture.mainwnd.tip.bkg" type="NineInOne" image="bitmap\mainwnd_bkg_tip.png" />
		
		<imagelist id="imagelist.newtask.ani" splitter="1" vertical="0" varyblock ="0"  blocksize="40" image="bitmap\imagelist.newtask.ani.png"/>
		<imageseq id="newtask.ani" imagelist="imagelist.newtask.ani"/>
		
		<imagelist id="imagelist.stop.ani" splitter="1" vertical="0" varyblock ="0"  blocksize="40" image="bitmap\imagelist.pause.ani.png"/>
		<imageseq id="stoptask.ani" imagelist="imagelist.stop.ani"/>
		
		<imagelist id="imagelist.config.ani" splitter="1" vertical="0" varyblock ="0"  blocksize="40" image="bitmap\imagelist.config.ani.png"/>
		<imageseq id="config.ani" imagelist="imagelist.config.ani"/>
		
		<imagelist id="imagelist.starttask.ani" splitter="1" vertical="0" varyblock ="0"  blocksize="40" image="bitmap\imagelist.start.ani.png"/>
		<imageseq id="starttask.ani" imagelist="imagelist.starttask.ani"/>
		
		<imagelist id="imagelist.run.ani" splitter="1" vertical="0" varyblock ="0"  blocksize="40" image="bitmap\imagelist.run.ani.png"/>
		<imageseq id="run.ani" imagelist="imagelist.run.ani"/>
		
		<imagelist id="imagelist.openfolder.ani" splitter="1" vertical="0" varyblock ="0"  blocksize="40" image="bitmap\imagelist.open.folder.ani.png"/>
		<imageseq id="openfolder.ani" imagelist="imagelist.openfolder.ani"/>
		
		<imagelist id="imagelist.delete.ani" splitter="1" vertical="0" varyblock ="0"  blocksize="40" image="bitmap\imagelist.delete.ani.png"/>
		<imageseq id="deletetask.ani" imagelist="imagelist.delete.ani"/>
		
		<imagelist id="imagelist.restore.ani" splitter="1" vertical="0" varyblock ="0"  blocksize="40" image="bitmap\imagelist.restore.ani.png"/>
		<imageseq id="restore.ani" imagelist="imagelist.restore.ani"/>
		
		<imagelist id="imagelist.empty.ani" splitter="1" vertical="0" varyblock ="0"  blocksize="40" image="bitmap\imagelist.empty.ani.png"/>
		<imageseq id="empty.ani" imagelist="imagelist.empty.ani"/>
		
		<imagelist id="imagelist.sort.ani" splitter="1" vertical="0" varyblock ="0"  blocksize="24" image="bitmap\imagelist.sort.ani.png"/>
		<imageseq id="sort.ani" imagelist="imagelist.sort.ani"/>
		<imagelist id="imagelist.share.ani" splitter="1" vertical="0" varyblock ="0"  blocksize="40" image="bitmap\imagelist.share.ani.png"/>
		<imageseq id="share.ani" imagelist="imagelist.share.ani"/>	
		<imagelist id="imagelist.private.ani" splitter="1" vertical="0" varyblock ="0"  blocksize="40" image="bitmap\imagelist.private.ani.png"/>
		<imageseq id="private.ani" imagelist="imagelist.private.ani"/>
		
		<imagelist id="imagelist.expand.ani" splitter="1" vertical="0" varyblock ="0"  blocksize="12" image="bitmap\imagelist.expand.ani.png"/>
		<imageseq id="expand.ani" imagelist="imagelist.expand.ani"/>
		
		<imagelist id="toolbar.setting.btn.img" splitter="1" vertical="0" varyblock ="1" image="bitmap\toolbar.setting.btn.img.png"/>
		<bitmap id="toolbar.setting.btn.up"  imagelist="toolbar.setting.btn.img" index="1"/>
		<bitmap id="toolbar.setting.btn.down"  imagelist="toolbar.setting.btn.img" index="2"/>
		<imagelist id="toolbar.setting.btn.bkg" splitter="1" vertical="0" varyblock ="1" image="bitmap\toolbar.setting.btn.bkg.png"/>
		<texture id="toolbar.setting.btn.bkg.normal" type="ThreeInOneH" imagelist="toolbar.setting.btn.bkg" index="1"/>
		<texture id="toolbar.setting.btn.bkg.hover" type="ThreeInOneH" imagelist="toolbar.setting.btn.bkg" index="2"/>
		<texture id="toolbar.setting.btn.bkg.down" type="ThreeInOneH" imagelist="toolbar.setting.btn.bkg" index="3"/>
		<imagelist id="toolbar.expand.btn" splitter="1" vertical="0" varyblock ="1" image="bitmap\toolbar.expand.btn.png"/>
		<bitmap id="toolbar.expand.btn.normal"  imagelist="toolbar.expand.btn" index="1"/>
		<bitmap id="toolbar.expand.btn.disable"  imagelist="toolbar.expand.btn" index="2"/>
        <bitmap id="toolbar.setting.menu" path="bitmap\toolbar.setting.menu.png"/>
		<imagelist id="platform.toolbar.btn" splitter="1" vertical="0" varyblock ="1" image="bitmap\platform.toolbar.btn.png"/>
		<bitmap id="platform.toolbar.btn.normal"  imagelist="platform.toolbar.btn" index="1"/>
        <bitmap id="platform.toolbar.menu.icon" path="bitmap\platform.toolbar.small.icon.png"/>
	</resource>
</XLUE>