<XLUE>
	<resource>
		<imagelist id="ImgList.VideoAddin.ToolBar.HDStore" splitter="1" vertical="0" varyblock ="0" blocksize="40" image="bitmap\VideoAddin.ToolBar.HDStore.png"/>
		<bitmap id="VideoAddin.ToolBar.HDStore.Disable" imagelist="ImgList.VideoAddin.ToolBar.HDStore" index="2"/>
		<bitmap id="VideoAddin.ToolBar.HDStore.Normal" imagelist="ImgList.VideoAddin.ToolBar.HDStore" index="1"/>

		<bitmap id="VideoAddin.ToolBar.HDStore.SmallIco" path="bitmap\VideoAddin.ToolBar.HDStore.SmallIco.png" />
		<bitmap id="VideoAddin.Category.HDStore.Ico" path="bitmap\VideoAddin.Category.HDStore.Ico.png" />

		<imagelist id="ImgList.VideoAddin.ToolBar.Ani" splitter="1" vertical="0" varyblock ="0"  blocksize="40" image="bitmap\VideoAddin.ToolBar.HDStore.Ani.png"/>
		<imageseq id="VideoAddin.ToolBar.Ani" imagelist="ImgList.VideoAddin.ToolBar.Ani"/>

		<texture id="VideoAddin.TaskList.DapDisableBtn.Unselected" image="bitmap\VideoAddin.TaskList.DapBtnDisable.Small.png" />
		<imagelist id="ImgList.VideoAddin.TaskList.DapBtn" vertical="0" splitter="1" varyblock="1" image="bitmap\VideoAddin.TaskList.DapBtn.png" />
		<texture id="VideoAddin.TaskList.DapDisableBtn.Selected" imagelist="ImgList.VideoAddin.TaskList.DapBtn" index="7"/>
		<texture id="VideoAddin.TaskList.DapEnableBtn.UnselectedNormal" imagelist="ImgList.VideoAddin.TaskList.DapBtn" index="1"/>
		<texture id="VideoAddin.TaskList.DapEnableBtn.SelectedNormal" imagelist="ImgList.VideoAddin.TaskList.DapBtn" index="5"/>
		<texture id="VideoAddin.TaskList.DapEnableBtn.SelectedHover" imagelist="ImgList.VideoAddin.TaskList.DapBtn" index="6"/>
		<texture id="VideoAddin.TaskList.DapFluencyBtn.UnselectedNormal" imagelist="ImgList.VideoAddin.TaskList.DapBtn" index="2"/>
		<texture id="VideoAddin.TaskList.DapFluencyBtn.SelectedNormal" imagelist="ImgList.VideoAddin.TaskList.DapBtn" index="3"/>
		<texture id="VideoAddin.TaskList.DapFluencyBtn.SelectedHover" imagelist="ImgList.VideoAddin.TaskList.DapBtn" index="4"/>

		<bitmap id="VideoAddin.BTFileList.AddToXMP.Ico" path="bitmap\VideoAddin.BTFileList.AddToXMP.Ico.png" />
	</resource>
</XLUE>
