<xlue>
    <resource>
        <texture id="plugin.item.line" image="bitmap\pluginlistitem.line.png"/>	
        <imagelist id="plugin.platform.floatwnd.topbkg" vertical="0" splitter="1" varyblock="1" image="bitmap\plugin.platform.floatwnd.topbkg.png"/>
        <texture id="plugin.platform.floatwnd.bkg.topleft" type="NineInOne" imagelist="plugin.platform.floatwnd.topbkg" index="1"/>
        <texture id="plugin.platform.floatwnd.bkg.topright" type="NineInOne" imagelist="plugin.platform.floatwnd.topbkg" index="2"/>
        <imagelist id="plugin.platform.floatwnd.bottombkg" vertical="0" splitter="1" varyblock="1" image="bitmap\plugin.platform.floatwnd.bottombkg.png"/>
        <texture id="plugin.platform.floatwnd.bkg.bottomleft" type="NineInOne" imagelist="plugin.platform.floatwnd.bottombkg" index="1"/>
        <texture id="plugin.platform.floatwnd.bkg.bottomright" type="NineInOne" imagelist="plugin.platform.floatwnd.bottombkg" index="2"/>
		
        <bitmap id="plugin.platform.more" path="bitmap\plugin.platform.more.png"/>
        <bitmap id="plugin.platform.back" path="bitmap\plugin.platform.back.png"/>
        <bitmap id="plugin.platform.myaddin" path="bitmap\plugin.platform.myaddin.png"/>
        <bitmap id="plugin.platform.alladdin" path="bitmap\plugin.platform.alladdin.png"/>
        <texture id="plugin.platform.header.bkg" type="ThreeInOneH" image="bitmap\plugin.platform.header.bkg.png"/>
        <texture id="plugin.platform.bkg" type="NineInOne" image="bitmap\plugin.platform.bkg.png"/>

        <texture id="plugin.platform.newaddin.tips.bkg" type="ThreeInOneH" image="bitmap\plugin.platform.newaddin.tips.bkg.png"/>
		
        <imagelist id="platform.more.plugin.btn.bkg" vertical="0" splitter="1" varyblock="1" image="bitmap\platform.more.plugin.btn.bkg.png"/>
        <texture id="platform.more.plugin.btn.bkg.hover" type="ThreeInOneH" imagelist="platform.more.plugin.btn.bkg" index="1"/>
        <texture id="platform.more.plugin.btn.bkg.down" type="ThreeInOneH" imagelist="platform.more.plugin.btn.bkg" index="2"/>
        <bitmap id="platform.more.plugin.btn" path="bitmap\platform.more.plugin.btn.png"/>

        <imagelist id="platform.plugin.item.bkg" vertical="0" splitter="1" varyblock="1" image="bitmap\platform.plugin.item.bkg.png"/>
        <bitmap id="platform.plugin.item.bkg.normal" imagelist="platform.plugin.item.bkg" index="1"/>
        <bitmap id="platform.plugin.item.bkg.hover" imagelist="platform.plugin.item.bkg" index="2"/>
        <bitmap id="platform.plugin.item.bkg.down" imagelist="platform.plugin.item.bkg" index="3"/>
		
        <texture id="platform.plugin.spliter" type="ThreeInOneH" image="bitmap\platform.plugin.spliter.png"/>
        <bitmap id="plugin.platform.recommend" path="bitmap\plugin.platform.recommend.png"/>
        <bitmap id="plugin.platform.about.bkg" path="bitmap\plugin.platform.about.bkg.png"/>
		
		<texture id="platform.servicelist.bkg" type="Fill" image="bitmap\platform.servicelist.bkg.png" />
        <bitmap id="platform.new.plugin.icon" path="bitmap\platform.new.plugin.icon.png"/>
        <bitmap id="platform.update.plugin.icon" path="bitmap\platform.update.plugin.icon.png"/>

        <imagelist id="plugin.platform.manager.btn.icon" vertical="0" splitter="1" varyblock="1" image="bitmap\plugin.platform.manager.btn.icon.png"/>
        <bitmap id="plugin.platform.btn.manager.icon" imagelist="plugin.platform.manager.btn.icon" index="3"/>
        <bitmap id="plugin.platform.btn.about.icon" imagelist="plugin.platform.manager.btn.icon" index="2"/>
        <imagelist id="plugin.platform.manager.btn.text" vertical="0" splitter="1" varyblock="1" image="bitmap\plugin.platform.manager.btn.text.png"/>
        <bitmap id="plugin.platform.btn.manager.text.normal" imagelist="plugin.platform.manager.btn.text" index="1"/>
        <bitmap id="plugin.platform.btn.manager.text.hover" imagelist="plugin.platform.manager.btn.text" index="2"/>
        <bitmap id="plugin.platform.btn.about.text.normal" imagelist="plugin.platform.manager.btn.text" index="3"/>
        <bitmap id="plugin.platform.btn.about.text.hover" imagelist="plugin.platform.manager.btn.text" index="4"/>
        <imagelist id="plugin.platform.manager.btn.bkg" vertical="0" splitter="1" varyblock="1" image="bitmap\plugin.platform.manager.btn.bkg.png"/>
        <texture id="plugin.platform.manager.btn.normal" type="ThreeInOneH" imagelist="plugin.platform.manager.btn.bkg" index="1"/>
        <texture id="plugin.platform.manager.btn.hover" type="ThreeInOneH" imagelist="plugin.platform.manager.btn.bkg" index="2"/>
        <texture id="plugin.platform.manager.btn.down" type="ThreeInOneH" imagelist="plugin.platform.manager.btn.bkg" index="3"/>
	</resource>
</xlue>
