<XLUE>
	<resource>
		<bitmap id="treetip.join.bmp" path="bitmap\a3.png" />
		<texture id="treetip.bkg.png" type="NineInOne" image="bitmap\bg.png" />
		<imagelist id="imagelist.btn.tip.close" vertical="0" splitter="1" varyblock="0" blocksize="8" image="bitmap\tip.close.png" />
		<bitmap id="bitmap.btn.tip.close.normal" imagelist="imagelist.btn.tip.close" index="1"/>
		<bitmap id="bitmap.btn.tip.close.hover" imagelist="imagelist.btn.tip.close" index="2"/>
		<bitmap id="bitmap.btn.tip.close.down" imagelist="imagelist.btn.tip.close" index="3"/>
		<texture id="tree.tip.bkg" type="NineInOne" image="bitmap\bkg.tip.png" />
		
		<bitmap id="bitmap.community"  path="bitmap\bitmap.community.png"/>
		<bitmap id="bitmap.mainwnd.status_bar.button.p2pShare"  path="bitmap\bitmap.p2pShare.icon.png"/>
		<bitmap id="bitmap.icon.notify"  path="bitmap\notify.icon.p2pshare.png"/>
		<texture id="texture.p2p.login.error" type="Stretch" image="bitmap\p2p.login.error.png" />

		<bitmap id="bitmap.p2pshare.sun" image="bitmap\sun.png"/>
		<bitmap id="bitmap.p2pshare.sun_light" image="bitmap\sun_light.png"/>

		<!---						树	 						-->
		<bitmap id="bitmap.p2pshare.notactive_tree" image="bitmap\notactive_tree.png"/>
		<bitmap id="bitmap.p2pshare.notactive_tree_hover" image="bitmap\notactive_tree_hover.png"/>
		
		<bitmap id="bitmap.p2pshare.infodlg.tree1" image="bitmap\tree_1.png"/>
		<bitmap id="bitmap.p2pshare.infodlg.tree2" image="bitmap\tree_2.png"/>
		<bitmap id="bitmap.p2pshare.infodlg.tree3" image="bitmap\tree_3.png"/>
		<bitmap id="bitmap.p2pshare.infodlg.tree4" image="bitmap\tree_4.png"/>
		<bitmap id="bitmap.p2pshare.infodlg.tree5" image="bitmap\tree_5.png"/>
		<bitmap id="bitmap.p2pshare.infodlg.tree6" image="bitmap\tree_6.png"/>

		<!--						叶子						-->
		<imagelist id="imagelist.p2pshare.leaf" vertical="0" splitter="1" varyblock="1" blocksize="19" image="bitmap\leaf.png"/>
		<bitmap id="bitmap.p2pshare.noactive_leaf" imagelist="imagelist.p2pshare.leaf" index="1" />
		<bitmap id="bitmap.p2pshare.active_leaf" imagelist="imagelist.p2pshare.leaf" index="2" />

		
		<imagelist id="imagelist.p2pshare.infodlg.icon" vertical="0" splitter="1" varyblock="0" blocksize="14" image="bitmap\infodlg_icon.png"/>
		<bitmap id="bitmap.p2pshare.infodlg.icon.level" imagelist="imagelist.p2pshare.infodlg.icon" index="1" />
		<bitmap id="bitmap.p2pshare.infodlg.icon.download" imagelist="imagelist.p2pshare.infodlg.icon" index="2" />
		<bitmap id="bitmap.p2pshare.infodlg.icon.upload" imagelist="imagelist.p2pshare.infodlg.icon" index="3" />

		<bitmap id="bitmap.p2pshare.infodlg.level" image="bitmap\level.png"/>

		<imagelist id="imagelist.p2pshare.infodlg.progress" vertical="0" splitter="1" varyblock="1" image="bitmap\progress.png" />
		<texture id="texture.p2pshare.infodlg.bkg" type="ThreeInOneH" imagelist="imagelist.p2pshare.infodlg.progress" index="1" />
		<texture id="texture.p2pshare.infodlg.front" type="ThreeInOneH" imagelist="imagelist.p2pshare.infodlg.progress" index="2" />

		<bitmap id="bitmap.p2pshare.infodlg.line" image="bitmap\infodlg_line.png"/>

	</resource>
</XLUE>


