﻿<XLUE>
    <resource>
	    <font id="share.dologin.default.font" height="12" facename="defaultfont"/>
	    <font id="share.dologin.link.font" height="12" facename="defaultfont" underline="1"/>
		<font id="share.dologin.default.edit.font" height="12" facename="defaultfont"/>
		<font id="share.dologin.edit.font" height="12" facename="defaultfont"/>
		<font id="share.text.font" height="12" facename="defaultfont"/>
		<font id="share.text.font13" height="14" facename="defaultfont"/>
		<font id="share.text.font14" height="14" facename="defaultfont"/>
		<font id="share.text.font16" height="16" facename="defaultfont"/>
		<font id="share.text.font.bold" height="12" weight="bold" facename="defaultfont"/>
		<font id="share.text.font.bold14" height="14" weight="bold" facename="defaultfont"/>
		<font id="share.text.font.bold16" height="16" weight="bold" facename="defaultfont"/>
		<font id="lastmsg.tip.font" height="12" facename="defaultfont" />
	</resource>
</XLUE>