﻿<XLUE>
	<resource>
	    <!-- Bitmap -->
		<bitmap id="bitmap.loginpanel.split" path="bitmap\loginpanel.split.png" />
		
		<bitmap id="bitmap.userlogo.default" path="bitmap\loginpanel.userlogo.default.png" />
	    <!-- LOGO图标下面的小VIP图标-->
		<bitmap id="bitmap.loginpanel.unlogin.vip.tip" path="bitmap\loginpanel.vip.tip.png" />
		<!-- 用户头像相框 -->
		<bitmap id="bitmap.userimage.frame" path="bitmap\UserImage.freme.png" />

		<!-- 登陆 Buuton -->
		<texture id="texture.btn.login.normal" type="ThreeInOneH" image="bitmap\loginpanel.btn.login_nor.png" />
		<texture id="texture.btn.login.down" type="ThreeInOneH" image="bitmap\loginpanel.btn.login_down.png" />
		<texture id="texture.btn.login.hover" type="ThreeInOneH" image="bitmap\loginpanel.btn.login_hover.png" />
		<!-- 注册 Button -->
		<texture id="texture.btn.regist.normal" type="ThreeInOneH" image="bitmap\loginpanel.btn.regist_nor.png" />
		<texture id="texture.btn.regist.down" type="ThreeInOneH" image="bitmap\loginpanel.btn.regist_down.png" />
		<texture id="texture.btn.regist.hover" type="ThreeInOneH" image="bitmap\loginpanel.btn.regist_hover.png" />
        <!-- 取消登录 Button -->
		<texture id="texture.btn.cancellogin.normal" type="ThreeInOneH" image="bitmap\loginpanel.btn.cancellogin_nor.png" />
		<texture id="texture.btn.cancellogin.down" type="ThreeInOneH" image="bitmap\loginpanel.btn.cancellogin_down.png" />
		<texture id="texture.btn.cancellogin.hover" type="ThreeInOneH" image="bitmap\loginpanel.btn.cancellogin_hover.png" />
		
		<!--VIP箭头-->
		<imagelist id="imagelist.VIP.Arrow" vertical="0" splitter="1" varyblock="1" image="bitmap\loginpanel.img.viparrow.png" />
        <bitmap id="bitmap.VipArrow.Enable" imagelist="imagelist.VIP.Arrow" index="1" />
		<bitmap id="bitmap.VipArrow.Disable" imagelist="imagelist.VIP.Arrow" index="2" />
		
		<!--VIP等级-->
		<imagelist id="imagelist.VIP.level" vertical="0" splitter="1" varyblock="1" image="bitmap\loginpanel.img.viplevel.png" />
        <bitmap id="VIP0" imagelist="imagelist.VIP.level" index="0" />
		<bitmap id="VIP1" imagelist="imagelist.VIP.level" index="2" />
		<bitmap id="VIP2" imagelist="imagelist.VIP.level" index="3" />
		<bitmap id="VIP3" imagelist="imagelist.VIP.level" index="4" />
		<bitmap id="VIP4" imagelist="imagelist.VIP.level" index="5" />
		<bitmap id="VIP5" imagelist="imagelist.VIP.level" index="6" />
		<bitmap id="VIP6" imagelist="imagelist.VIP.level" index="7" />
		
		<!-- VIP体验图标-->
		<bitmap id="bitmap.loginpanel.experience.vip" path="bitmap\experience.vip.png" />
		
		<!-- pulldown 按钮 -->
		<imagelist id="imagelist.pulldown.btn" vertical="0" splitter="1" varyblock="1" image="bitmap\Pulldown.btn.png"/>
		<bitmap id="bitmap.pulldown.normal" imagelist="imagelist.pulldown.btn" index="1" />
		<bitmap id="bitmap.pulldown.hover" imagelist="imagelist.pulldown.btn" index="2" />
		<bitmap id="bitmap.pulldown.down" imagelist="imagelist.pulldown.btn" index="3" />
		
		<!-- 用户等级-->
		<texture id="texture.progress.background" type="ThreeInOneH" image="bitmap\user.progress.background.png" />
		<texture id="texture.progress.foreground" type="ThreeInOneH" image="bitmap\user.progress.foreground.png" />

		<!--相关位图-->
		<bitmap id="dologin.titleicon" path="bitmap\dologin.titleicon.png" />
		<texture id="dologin.titleicon.texture" type="ThreeInOneH" image="bitmap\dologin.titleicon.png" />
		
		<bitmap id="dologin.privatespace.icon" path="bitmap\private_space.png" />
		<texture id="dologin.privatespace.texture" type="ThreeInOneH" image="bitmap\private_space.png" />

		<!-- 收藏-->
		<bitmap id="bitmap.collect.lefttab" path="bitmap\collect_lefttab.png"/>
		<imagelist id="imagelist.collect" vertical="0" splitter="1" varyblock="1" image="bitmap\imagelist_collect.png" />
		<bitmap id="bitmap.collect.normal" imagelist="imagelist.collect" index="1" />
		<bitmap id="bitmap.collect.hover" imagelist="imagelist.collect" index="2" />
		<bitmap id="bitmap.collect.down" imagelist="imagelist.collect" index="3" />
		<bitmap id="bitmap.collect.disable" imagelist="imagelist.collect" index="4" />
		<!-- 离线下载-->
		<bitmap id="bitmap.offdown.lefttab" path="bitmap\offdown_lefttab.png"/>
		<texture id="texture.offdown.tip.bkg" type="ThreeInOneH" image="bitmap\offdown_tip_bkg.png"/>
		<imagelist id="imagelist.offdown.icon3" vertical="0" splitter="1" varyblock="1" image="bitmap\offdown_icon3.png" />
        <bitmap id="bitmap.offdown.icon3.accelerate" imagelist="imagelist.offdown.icon3" index="1" />
		<bitmap id="bitmap.offdown.icon3.offdown" imagelist="imagelist.offdown.icon3" index="2" />
		
		<bitmap id="bitmap.offdown.icon2" path="bitmap\offdown_icon2.png"/>
		<bitmap id="bitmap.freeoffdown.upspeed" path="bitmap\freelixian.upspeed.png"/>
		<imagelist id="imagelist.offdown.icon4" vertical="0" splitter="1" varyblock="1" image="bitmap\offdown_icon4.png"/>
		<bitmap id="bitmap.offdown.icon4.offdown" imagelist="imagelist.offdown.icon4" index="5"/>
		<bitmap id="bitmap.offdown.icon4.flashing" imagelist="imagelist.offdown.icon4" index="1"/>
		
		<imagelist id="imagelist.offdown.tip.bkg1" vertical="0" splitter="1" varyblock="1" image="bitmap\offdown.tip.bkg1.png"/>
		<texture id="bitmap.offdown.tip.infotip.bkg" type="NineInOne" imagelist="imagelist.offdown.tip.bkg1" index="1"/>
		
		<!-- 用户消息悬浮框背景 -->
		<texture id="bitmap.userinfopanel.bkg" type="NineInOne" image="bitmap\userinfo.panel.bk.png"/>
		<!--用户等级图标-->
		<imagelist id="imagelist.userlevel.logo" vertical="0" splitter="1" varyblock="1" image="bitmap\vip.member.png"/>
		<bitmap id="bitmap.userlevel.sun"  imagelist="imagelist.userlevel.logo" index="1"/>
		<bitmap id="bitmap.userlevel.moon"  imagelist="imagelist.userlevel.logo" index="2"/>
		<bitmap id="bitmap.userlevel.star"  imagelist="imagelist.userlevel.logo" index="3"/>
		<!--VIP、普通用户图标-->
		<bitmap id="bitmap.userinfo.vip" path="bitmap\userinfo.vip.png" />
		<bitmap id="bitmap.userinfo.normal" path="bitmap\userinfo.vip.png" />
		<!--成就的小箭头-->
		<imagelist id="imagelist.achievement.arrows" vertical="0" splitter="1" varyblock="1" image="bitmap\userinfopanel.achievement.arrows.png" />
		<bitmap id="bitmap.achievement.arrows.left.normal" imagelist="imagelist.achievement.arrows" index="1"/>
		<bitmap id="bitmap.achievement.arrows.left.hover" imagelist="imagelist.achievement.arrows" index="2" />
		<bitmap id="bitmap.achievement.arrows.right.normal" imagelist="imagelist.achievement.arrows" index="3" />
		<bitmap id="bitmap.achievement.arrows.right.hover" imagelist="imagelist.achievement.arrows" index="4" />
		<!-- 用户消息悬浮窗的上升箭头 -->
		<imagelist id="imagelist.vip.progress" vertical="0" splitter="1" varyblock="1" image="bitmap\vip.progress.png" />
		<bitmap id="bitmap.vip" imagelist="imagelist.vip.progress" index="1" />
		<bitmap id="bitmap.normal" imagelist="imagelist.vip.progress" index="2" />

        <bitmap id="bitmap.community.vipservice.faq" path="bitmap\VipService.FAQ.png" />
	
		<texture id="texture.offdown.tab.bkg" type="ThreeInOneH" image="bitmap\offdowm_tab_bkg.png"/>
        <imagelist id="imagelist.offdown.process" vertical="0" splitter="1" varyblock="1" image="bitmap\offdown.process.png"/>
        <texture id="texture.offdown.process.full" type="ThreeInOneH" imagelist="imagelist.offdown.process" index="1" />
        <texture id="texture.offdown.process.empty" type="ThreeInOneH" imagelist="imagelist.offdown.process" index="2" />

        <imagelist id="imagelist.community.diskspace.progress" vertical="0" splitter="1" varyblock="1" image="bitmap\newtask.diskspace.progress.png" />
        <texture id="texture.community.diskspace.progress.enable.empty" type="ThreeInOneH" imagelist="imagelist.community.diskspace.progress" index="1" />
        <texture id="texture.community.diskspace.progress.enable.full" type="ThreeInOneH" imagelist="imagelist.community.diskspace.progress" index="2" /> 
        <texture id="texture.community.diskspace.progress.disable.full" type="ThreeInOneH" imagelist="imagelist.community.diskspace.progress" index="4" />
	
	    <imagelist id="imagelist.community.offline.btdlg.tab.btn" vertical="0" splitter="1" varyblock="1" image="bitmap\offline.bt.tab.btn.png" />
        <texture id="texture.community.offline.btdlg.tab.btn.normal" type="ThreeInOneH" imagelist="imagelist.community.offline.btdlg.tab.btn" index="1" />
        <texture id="texture.community.offline.btdlg.tab.btn.hover" type="ThreeInOneH" imagelist="imagelist.community.offline.btdlg.tab.btn" index="2" />
        <texture id="texture.community.offline.btdlg.tab.btn.down" type="ThreeInOneH" imagelist="imagelist.community.offline.btdlg.tab.btn" index="3" />
	
	
		<!-- 高速通道 -->
		<imagelist id="imagelist.superspeed.status" vertical="0" splitter="1" varyblock="1" image="bitmap\SupperSpeed.Status.png"/>
		<bitmap id="bitmap.superspeed.ready" imagelist="imagelist.superspeed.status" index="1" />
		<bitmap id="bitmap.superspeed.noready" imagelist="imagelist.superspeed.status" index="2" />
		
		<imagelist id="imagelist.superspeed.icon" vertical="0" splitter="1" varyblock="1" image="bitmap\offdown_icon4.png"/>
		<bitmap id="bitmap.superspeed.light" imagelist="imagelist.superspeed.icon" index="1" />
		<bitmap id="bitmap.superspeed.overcast" imagelist="imagelist.superspeed.icon" index="2" />
		<bitmap id="bitmap.superspeed.gray" imagelist="imagelist.superspeed.icon" index="3" />
		<bitmap id="bitmap.superspeed.offlinedownload1" imagelist="imagelist.superspeed.icon" index="4" />
		<bitmap id="bitmap.superspeed.offlinedownload2" imagelist="imagelist.superspeed.icon" index="5" />
		<bitmap id="bitmap.superspeed.offlinedownload3" imagelist="imagelist.superspeed.icon" index="6" />
		<bitmap id="bitmap.superspeed.offlinedownload4" imagelist="imagelist.superspeed.icon" index="7" />
		<bitmap id="bitmap.superspeed.viplight" imagelist="imagelist.superspeed.icon" index="8" />
		<bitmap id="bitmap.superspeed.vipgray" imagelist="imagelist.superspeed.icon" index="9" />
        <bitmap id="bitmap.superspeed.rareresourcenotify.icon" path="bitmap\RareResourceNotify.png" />

        <bitmap id="bitmap.offdown.buttonex.arrow" path="bitmap\bitmap.btn.arrow.png" />
		
		<!-- MsgBox ICON -->
		<imagelist id="imagelist.community.msgbox.icon" vertical="0" splitter="1" varyblock="1" image="bitmap\msgbox.icon.png"/>
		<bitmap id="question" imagelist="imagelist.community.msgbox.icon" index="1" />
		<bitmap id="exclamation" imagelist="imagelist.community.msgbox.icon" index="2" />
		<bitmap id="exclamation2" imagelist="imagelist.community.msgbox.icon" index="3" />
		<bitmap id="colock" imagelist="imagelist.community.msgbox.icon" index="4" />
		<bitmap id="superspeednoready" imagelist="imagelist.community.msgbox.icon" index="5" />
		
	
		<!-- 会员配置页 -->
		<texture id="texture.vipconfig.border" type="NineInOne" image="bitmap\vipconfig.border.png" />
        <imagelist id="imagelist.vipconfig.btn.exit" vertical="0" splitter="1" varyblock="1" image="bitmap\vipconfig.btn.exit.png" />
		<texture id="texture.vipconfig.btn.exit.nor" imagelist="imagelist.vipconfig.btn.exit" index="1" />
		<texture id="texture.vipconfig.btn.exit.hover" imagelist="imagelist.vipconfig.btn.exit" index="2" />
		<texture id="texture.vipconfig.btn.exit.down" imagelist="imagelist.vipconfig.btn.exit" index="3" />
		<bitmap id="bitmap.vipconfig.userimage.frame" path="bitmap\vipconfig.userimage.frame.png" />	

        <texture id="texture.vipconfig.title" type="ThreeInOneH" image="bitmap\vipconfig.title.png" />
	
		<imagelist id="imagelist.vipconfig.exticon" vertical="0" splitter="1" varyblock="1" image="bitmap\vipconfig.exticon.png" />
		<bitmap id="bitmap.vipconfig.yearpay.nor" imagelist="imagelist.vipconfig.exticon" index="1" />
		<bitmap id="bitmap.vipconfig.yearpay.dis" imagelist="imagelist.vipconfig.exticon" index="2" />
		<bitmap id="bitmap.vipconfig.beautynum.nor" imagelist="imagelist.vipconfig.exticon" index="3" />
		<bitmap id="bitmap.vipconfig.beautynum.dis" imagelist="imagelist.vipconfig.exticon" index="4" />
    
		<imagelist id="imagelist.vipconfig.extbtn" vertical="0" splitter="1" varyblock="1" image="bitmap\vipconfig.extbtn.png" />
		<texture id="texture.vipconfig.btn.vip.nor" imagelist="imagelist.vipconfig.extbtn" index="1" />
		<texture id="texture.vipconfig.btn.vip.hover" imagelist="imagelist.vipconfig.extbtn" index="2" />
		<texture id="texture.vipconfig.btn.vip.down" imagelist="imagelist.vipconfig.extbtn" index="3" />
		
		<imagelist id="imagelist.vipconfig.extbtn.paymoney" vertical="0" splitter="1" varyblock="1" image="bitmap\vipconfig.extbtn.paymoney.png" />
		<texture id="texture.vipconfig.btn.PayMoney.nor" imagelist="imagelist.vipconfig.extbtn.paymoney" index="2" />
		<texture id="texture.vipconfig.btn.PayMoney.hover" imagelist="imagelist.vipconfig.extbtn.paymoney" index="1" />
		<texture id="texture.vipconfig.btn.PayMoney.down" imagelist="imagelist.vipconfig.extbtn.paymoney" index="3" />
 		
		<texture id="texture.vipconfig.bkg.bottom" type="ThreeInOneH" image="bitmap\vipconfig.bkg.bottom.png" />
		<texture id="texture.vipconfig.bkg.noright" type="ThreeInOneH" image="bitmap\vipconfig.bkg.noright.png" />
		<texture id="texture.vipconfig.bkg.noright.bottom" type="ThreeInOneH" image="bitmap\vipconfig.bkg.noright.bottom.png" />
		
		<bitmap id="bitmap.vipconfig.bkg.noright.light.topleft" path="bitmap\vipconfig.bkg.noright.light.topleft.png" />
		<bitmap id="bitmap.vipconfig.bkg.noright.light.center" path="bitmap\vipconfig.bkg.noright.light.center.png" />
		<bitmap id="bitmap.vipconfig.bkg.noright.light.bottom" path="bitmap\vipconfig.bkg.noright.light.bottom.png" />
		<bitmap id="bitmap.vipconfig.bkg.noright.adornment.topleft" path="bitmap\vipconfig.bkg.noright.adornment.topleft.png" />
		<bitmap id="bitmap.vipconfig.bkg.noright.adornment.bottomright" path="bitmap\vipconfig.bkg.noright.adornment.bottomright.png" />
		<bitmap id="bitmap.vipconfig.gold.text" path="bitmap\vipconfig.gold.text.png" />
		
 		<texture id="texture.vipconfig.bkg.mid" type="Stretch" image="bitmap\vipconfig.bkg.mid.png" />
		<texture id="texture.login.error" type="Stretch" image="bitmap\login.error.png" />
   
		<imagelist id="imagelist.vipconfig.checkbox" vertical="0" splitter="1" varyblock="1" image="bitmap\vipconfig.checkbox.png" />
		<bitmap id="bitmap.vipconfig.checkbox.check.normal" imagelist="imagelist.vipconfig.checkbox" index="1" />
		<bitmap id="bitmap.vipconfig.checkbox.uncheck.normal" imagelist="imagelist.vipconfig.checkbox" index="2" />
		<bitmap id="bitmap.vipconfig.checkbox.check.hover" imagelist="imagelist.vipconfig.checkbox" index="3" />
		<bitmap id="bitmap.vipconfig.checkbox.uncheck.hover" imagelist="imagelist.vipconfig.checkbox" index="4" />
 
 		<imagelist id="imagelist.vipconfig.btn.general" vertical="0" splitter="1" varyblock="1" image="bitmap\vipconfig.btn.general.png"/>
		<texture id="texture.vipconfig.btn.general.normal" imagelist="imagelist.vipconfig.btn.general" index="1"/>
		<texture id="texture.vipconfig.btn.general.down" imagelist="imagelist.vipconfig.btn.general" index="3"/>
		<texture id="texture.vipconfig.btn.general.hover" imagelist="imagelist.vipconfig.btn.general" index="2"/>

		<!-- 工具拦按钮 -->
		<imagelist id="imagelist.community.toolbar.icon" splitter="1" vertical="0" varyblock ="1" image="bitmap\toolbar.vipwebdlg.png"/>
		<bitmap id="bitmap.community.vipwebdlg.button.icon.config.disable"      imagelist="imagelist.community.toolbar.icon" index="2"/>
		<bitmap id="bitmap.community.vipwebdlg.button.icon.config.normal"      imagelist="imagelist.community.toolbar.icon" index="1"/>
		<bitmap id="bitmap.community.vipwebdlg.button.icon.config.small" path="bitmap\toolbar.vipsmallicon.png" />

		<imagelist id="imagelist.openfolder.ani" splitter="1" vertical="0" varyblock ="0"  blocksize="40" image="bitmap\imagelist.open.folder.ani.png"/>
		<imageseq id="community.openfolder.ani" imagelist="imagelist.openfolder.ani"/>
		
		<!-- 动画 -->
		<imagelist id="imagelist.community.ani.vipconfig.logo" splitter="1" vertical="0" blocksize="46" varyblock="0" image="bitmap\vipconfig.ani.logo.png"/>
		<imageseq id="seqframeani.community.ani.vipconfig.logo" imagelist="imagelist.community.ani.vipconfig.logo"/>

		<imagelist id="imagelist.community.ani.vipconfig.firevip" splitter="1" vertical="0" blocksize="28" varyblock="0" image="bitmap\vipconfig.ani.firevip.png"/>
		<imageseq id="seqframeani.community.ani.vipconfig.firevip" imagelist="imagelist.community.ani.vipconfig.firevip"/>
        <!-- 社区钱袋 -->

		<imagelist id="imagelist.community.ani.logining" splitter="1" vertical="0" blocksize="50" varyblock="0" image="bitmap\USER_PANEL_LOGINING.png"/>
		<imageseq id="seqframeani.community.ani.logining" imagelist="imagelist.community.ani.logining"/>
        <!--离线高速改版 -->
        <imagelist id="imagelist.vipdownload.icon" splitter="1" vertical="0" varyblock="1" image="bitmap\vipdownload.icon.png"/>
        <bitmap id="community.vipdownload.superspeed.icon" imagelist="imagelist.vipdownload.icon" index="1" />
        <bitmap id="community.vipdownload.offdown.icon" imagelist="imagelist.vipdownload.icon" index="2" />
        <bitmap id="community.vipdownload.offdown.complete.normal" imagelist="imagelist.vipdownload.icon" index="3" />
        <bitmap id="community.vipdownload.offdown.complete.flash" imagelist="imagelist.vipdownload.icon" index="4" />

        <imagelist id="imagelist.vipdownload.offdown.progress" splitter="1" vertical="0" varyblock="1" image="bitmap\vipdownload.offdown.progress.png" />
        <texture id="community.vipdownload.offdown.progress.full" type="ThreeInOneH" imagelist="imagelist.vipdownload.offdown.progress" index="1" />
        <texture id="community.vipdownload.offdown.progress.empty" type="ThreeInOneH" imagelist="imagelist.vipdownload.offdown.progress" index="2" />

		<!--会员小秘书-->
		<bitmap id="bitmap.vipassistant.top" path="bitmap\vip.assistant.top.png" />
		<bitmap id="bitmap.vipassistant.bottom" path="bitmap\vip.assistant.bottom.png" />
		<bitmap id="bitmap.vipassistant.safebox.gray" path="bitmap\safebox.gray.png" />
		<bitmap id="bitmap.vipassistant.safebox.light" path="bitmap\safebox.light.png" />
		<bitmap id="bitmap.vipassistant.split" path="bitmap\vipassasiant.split.png" />
		<bitmap id="bitmap.vipassistant.tipbk" path="bitmap\vipasssiant.png" />
		<bitmap id="bitmap.overduevip.1" path="bitmap\overduevip1.png" />
		<bitmap id="bitmap.overduevip.2" path="bitmap\overduevip2.png" />
		<bitmap id="bitmap.overduevip.3" path="bitmap\overduevip3.png" />
		<bitmap id="bitmap.overduevip.4" path="bitmap\overduevip4.png" />
		<bitmap id="bitmap.overduevip.5" path="bitmap\overduevip5.png" />
		<bitmap id="bitmap.overduevip.6" path="bitmap\overduevip6.png" />
		<bitmap id="bitmap.vipprivilege.bk" path="bitmap\vipassiant.viprivilege.png" />
		
		<imagelist id="imagelist.vip.assistant.updateto.vip.btn" vertical="0" splitter="1" varyblock="1" image="bitmap\update.to.vip.png" />
		<texture id="vip.assistant.updateto.vip.nor" imagelist="imagelist.vip.assistant.updateto.vip.btn" index="1" />
		<texture id="vip.assistant.updateto.vip.hover" imagelist="imagelist.vip.assistant.updateto.vip.btn" index="2" />
		<texture id="vip.assistant.updateto.vip.down" imagelist="imagelist.vip.assistant.updateto.vip.btn" index="3" />
		
		<bitmap id="bitmap.xl.icon" path="bitmap\vipassiant.lx.icon.png" />
		<bitmap id="bitmap.superspeed.icon" path="bitmap\vipassiant.superspeed.icon.png" />
		<bitmap id="bitmap.kankan.icon" path="bitmap\vipassiant.kankan.icon.png" />
		<bitmap id="bitmap.shieldadds.icon" path="bitmap\vipassiant.shieldadds.icon.png" />
		<bitmap id="bitmap.updatespeed.icon" path="bitmap\vipassiant.updatespeed.icon.png" />
		<bitmap id="bitmap.gamegift.icon" path="bitmap\vipassiant.gamegift.icon.png" />
		<bitmap id="bitmap.vipmovietitle.bk" path="bitmap\vip.assistant.vipmovie.bk.png" />
		<bitmap id="bitmap.vipmovietitle.1.bk" path="bitmap\vip.assistant.vipmovie.1.bk.png" />
		
		<!--会员tips-->
		<bitmap id="tipsmgr.titleicon" path="bitmap\tipsmgr.titleicon.png" />
		<texture id="tipsmgr.titleicon.texture" type="ThreeInOneH" image="bitmap\tipsmgr.titleicon.png" />
		<texture id="vip.tips.border" type="NineInOne" image="bitmap\vip.tips.border.png" />
        <imagelist id="imagelist.tipsmgr.btn.exit" vertical="0" splitter="1" varyblock="1" image="bitmap\tipsmgr.btn.exit.png" />
		<texture id="texture.tipsmgr.btn.exit.nor" imagelist="imagelist.tipsmgr.btn.exit" index="1" />
		<texture id="texture.tipsmgr.btn.exit.hover" imagelist="imagelist.tipsmgr.btn.exit" index="2" />
		<texture id="texture.tipsmgr.btn.exit.down" imagelist="imagelist.tipsmgr.btn.exit" index="3" />
		<texture id="texture.loudspeaker.border" type="ThreeInOneH" image="bitmap\loudspeaker.border.png" />
		<bitmap id="loudspeaker.icon" path="bitmap\loudspeaker.png" />
		<bitmap id="bitmap.xunlei.logo" path="bitmap\xunlei.logo.png" />
        <!--高速加速预期-->
        <texture id="community.superspeed.expection.progress" type="ThreeInOneH" image="bitmap\ExpectionProgress.png" />

		<!--消息盒子-->

	</resource>
</XLUE>
