<XLUE>
	<resource>
		<color id="system.white" red="255" green="255" blue="255" alpha="255" />
		<color id="system.black" red="0" green="0" blue="0" alpha="255" />
		<color id="system.orange" red="44" green="151" blue="241" alpha="255" />
		<color id="system.blue" red="0" green="0" blue="255" alpha="255" />
        <color id="system.green" red="38" green="139" blue="35" alpha="255"/>
		<color id="system.red" red="255" green="0" blue="0" alpha="255" />
		<color id="system.gray" red="204" green="211" blue="214" alpha="255"/>	
		<color id="system.lightblue" red="127" green="157" blue="241" alpha="255" />
		
		<color id="color.dologin.text" red="61" green="64" blue="67" alpha="255"/>
		<color id="color.vipnickname.text" red="255" green="0" blue="0" alpha="255"/>
		<color id="color.notvipnickname.text" red="0" green="0" blue="0" alpha="255"/>
		<color id="color.logindlg.tip.gray" red="174" green="174" blue="174" alpha="255"/>	
		<color id="color.signaturntext.gray" red="100" green="100" blue="100" alpha="255"/>	

        <color id="color.querying.gray" red="50" green="50" blue="50" alpha="255"/>
		
		<color id="color.offlinedlg.blue" red="82" green="153" blue="210" alpha="255"/>
		<color id="color.offlinedlg.red" red="231" green="111" blue="111" alpha="255"/>
		<color id="color.loginerror.red" red="231" green="0" blue="0" alpha="255"/>
		
		<color id="color.minipage.top" red="254" green="202" blue="202" alpha="255" />
		
		<color id="color.firevip" red="0" green="132" blue="253" alpha="255"/>
		<color id="color.closevip" red="180" green="26" blue="17" alpha="255"/>
		<color id="color.shopvip" red="128" green="0" blue="0" alpha="255"/>
		
		<color id="color.gold" red="142" green="85" blue="40" alpha="255"/>
		
		<color id="color.gold.simple" red="228" green="205" blue="163" alpha="255"/>

        <color id="color.textlink" red="0" green="132" blue="255" alpha="255" />
		<color id="color.vipassistant.bkg" red="255" green="250" blue="240" alpha="255" />
	</resource>
</XLUE>
