﻿<XLUE>
    <resource>
	    <font id="default.font" height="12" facename="defaultfont" />
	    <font id="default.font.bold" height="12" weight="bold" facename="defaultfont" />
	    <font id="dologin.default.font" height="12" facename="defaultfont"/>
	    <font id="dologin.link.font" height="12" facename="defaultfont" underline="1"/>
		<font id="dologin.default.edit.font" height="12" facename="defaultfont"/>
		<font id="dologin.edit.font" height="12" facename="defaultfont"/>
		<font id="UserID.font" height="12" weight="bold" facename="defaultfont"/>
		<font id="NickName.font" height="12" facename="defaultfont" />
		<font id="Logining.font" height="13" facename="defaultfont" />
		<font id="UserPanel.font" height="12" facename="defaultfont" />
		<font id="VIPLevel.font" height="10" facename="Arial" />
		<font id="VIPWebDlg.title.font" height="8" facename="Arial" weight="bold" />
		<font id="offlinetip.font" height="12" weight="bold" facename="defaultfont" />
		<font id="newsuperspeed.link.font" height="13" facename="defaultfont" underline="1"/>
		<font id="vipconfig.noright.font" height="17" facename="defaultfont" weight="bold"/>
		<font id="vipconfig.bold.font" height="12" facename="defaultfont" weight="bold"/>
		<font id="vipconfig.bold.underline.font" height="12" facename="defaultfont" weight="bold" underline="1"/>
		<font id="vip.assisant.underline.font" height="12" facename="defaultfont" underline="1"/>
		<font id="msgbox.msgcount.font" height="9" facename="defaultfont" />
</resource>
</XLUE>