<XLUE>
<resource>
	<imagelist id="bitmap.accsavetimetip.pie" vertical="0" splitter="1" varyblock="1" image="bitmap\pie.png"/>
	<bitmap id="bitmap.accsavetimetip.pie.1" imagelist="bitmap.accsavetimetip.pie" index="1"/>
	<bitmap id="bitmap.accsavetimetip.pie.2" imagelist="bitmap.accsavetimetip.pie" index="2"/>
	<bitmap id="bitmap.accsavetimetip.pie.3" imagelist="bitmap.accsavetimetip.pie" index="3"/>
	<bitmap id="bitmap.accsavetimetip.pie.4" imagelist="bitmap.accsavetimetip.pie" index="4"/>
	<bitmap id="bitmap.accsavetimetip.pie.5" imagelist="bitmap.accsavetimetip.pie" index="5"/>
	<bitmap id="bitmap.accsavetimetip.pie.6" imagelist="bitmap.accsavetimetip.pie" index="6"/>
	<bitmap id="bitmap.accsavetimetip.pie.7" imagelist="bitmap.accsavetimetip.pie" index="7"/>	
	<bitmap id="bitmap.accsavetimetip.pie.8" imagelist="bitmap.accsavetimetip.pie" index="8"/>	
	<bitmap id="bitmap.accsavetimetip.pie.9" imagelist="bitmap.accsavetimetip.pie" index="9"/>	
	<bitmap id="bitmap.accsavetimetip.pie.10" imagelist="bitmap.accsavetimetip.pie" index="10"/>	

	<texture id="texture.accsavetimetip.bkg.border"  type="NineInOne" image="bitmap\border.png"/>
	<!--texture id="taskimageinfoitem.line" image="bitmap\TaskImageInfoItem.line.png" /-->	
</resource>
</XLUE>