<XLUE>
	<resource>		
		<bitmap id = "bitmap.mobile.phoneline.lite" path = "bitmap\link_phone.lite.png"/>
		<imagelist id="mobile.device.texture.imagelist.lite" vertical="0" splitter="1" varyblock="31" image="bitmap\border_01.lite.png"/>
		<texture id="mobile.device.texture.select.lite" type="NineInOne" imagelist="mobile.device.texture.imagelist.lite" index="1"/> 
		<imagelist id="mobile.pup.imagelist.lite"  vertical="0"  splitter="1" varyblock="0" blocksize="23" image="bitmap\pup.png"/>
		<texture id="mobile.pup.click.image.lite"   type="NineInOne" imagelist="mobile.pup.imagelist.lite" index="1"/>
		<texture id="mobile.pup.unclick.image.lite" type="NineInOne" imagelist="mobile.pup.imagelist.lite" index="2"/>		
		<bitmap id = "bitmap.mobile.welcome01.lite" path = "bitmap\welcome_01.png"/>
		
	</resource>
</XLUE>
