<XLUE>
	<resource>
		<color id="system.black.lite" red="0" green="0" blue="0" alpha="255" />
		<color id="system.white.lite" red="255" green="255" blue="255" alpha="255" />
		<color id="dividingline.lite" red="196" green="213" blue="237" alpha="255" />
		<color id="textcolor.666666.lite" red="83" green="83" blue="83" alpha="255" />
		<color id="textcolor.green.lite" red="131" green="192" blue="103" alpha="255" />
		<color id="textcolor.535353.lite" red="83" green="83" blue="83" alpha="255" />
	</resource>
</XLUE>
