<XLUE>
	<resource>
		<texture id="bitmap.common.line" image="bitmap\line.png" />

		<imagelist id="imglst.taskaudioinfo.audiobtns" vertical="0" splitter="1" varyblock="1"  image="bitmap\audiobtns.png" />
		<bitmap id="bitmap.taskaudioinfo.justHLine" imagelist="imglst.taskaudioinfo.audiobtns" index="5" />
		<bitmap id="bitmap.taskaudioinfo.completealbum" imagelist="imglst.taskaudioinfo.audiobtns" index="6" />
		<bitmap id="bitmap.taskaudioinfo.addtoplaylist" imagelist="imglst.taskaudioinfo.audiobtns" index="7" />

		<texture id="bitmap.taskaudioinfo.progresspanel" type="ThreeInOneH" image="bitmap\progresspanel.png"/>
		<imagelist id="imglst.audioaddin.duration" vertical="0" splitter="1" varyblock="0" blocksize="11" image="bitmap\duration.png"/>
		<texture id="texture.audioaddin.duration.back" type="ThreeInOneH" imagelist="imglst.audioaddin.duration" index="1" />
		<texture id="texture.audioaddin.duration.fore" type="ThreeInOneH" imagelist="imglst.audioaddin.duration" index="2" />
		<bitmap id="bitmap.taskaudioinfo.defaultcover" path="bitmap\defaultcover.png"/>

		<imagelist id="imglst.audioaddin.playbtn" vertical="0" splitter="1" blocksize="22" image="bitmap\play.png" />
		<texture id="texture.audioaddin.playbtn.normal" imagelist="imglst.audioaddin.playbtn" index="1"/>
		<texture id="texture.audioaddin.playbtn.over" imagelist="imglst.audioaddin.playbtn" index="2"/>
		<texture id="texture.audioaddin.playbtn.down" imagelist="imglst.audioaddin.playbtn" index="3"/>
		<texture id="texture.audioaddin.playbtn.invalid" imagelist="imglst.audioaddin.playbtn" index="4"/>

		<imagelist id="imglst.audioaddin.pausebtn" vertical="0" splitter="1" blocksize="22" image="bitmap\pause.png" />
		<texture id="texture.audioaddin.pausebtn.normal" imagelist="imglst.audioaddin.pausebtn" index="1"/>
		<texture id="texture.audioaddin.pausebtn.over" imagelist="imglst.audioaddin.pausebtn" index="2"/>
		<texture id="texture.audioaddin.pausebtn.down" imagelist="imglst.audioaddin.pausebtn" index="3"/>
		<texture id="texture.audioaddin.pausebtn.invalid" imagelist="imglst.audioaddin.pausebtn" index="4"/>

		<texture id="texture.audioaddin.beambkg" type="NineInOne" image="bitmap\beambkg.png" />

		<bitmap id="bitmap.taskaudioinfo.tab1" path="bitmap\tab1.png"/>
		<texture id="bitmap.taskaudioinfo.tab2" type="ThreeInOneH" image="bitmap\tab2.png"/>
		<imagelist id="imglst.taskaudioinfo.audiobtns2" vertical="0" splitter="1" varyblock="1" image="bitmap\buttons2.png"/>
		<texture id="bitmap.taskaudioinfo.voice.hover" imagelist="imglst.taskaudioinfo.audiobtns2" index="4"/>
		<texture id="bitmap.taskaudioinfo.voice.normal" imagelist="imglst.taskaudioinfo.audiobtns2" index="5"/>
		<texture id="bitmap.taskaudioinfo.voice.down" imagelist="imglst.taskaudioinfo.audiobtns2" index="6"/>
		<texture id="bitmap.taskaudioinfo.novoice.hover" imagelist="imglst.taskaudioinfo.audiobtns2" index="13"/>
		<texture id="bitmap.taskaudioinfo.novoice.normal" imagelist="imglst.taskaudioinfo.audiobtns2" index="14"/>
		<texture id="bitmap.taskaudioinfo.novoice.down" imagelist="imglst.taskaudioinfo.audiobtns2" index="15"/>

		<imagelist id="imglst.audioaddin.listenbtn" vertical="0" splitter="1" blocksize="17" image="bitmap\listenbtn.png" />
		<texture id="texture.audioaddin.listenbtn.normal" imagelist="imglst.audioaddin.listenbtn" index="1"/>
		<texture id="texture.audioaddin.listenbtn.over" imagelist="imglst.audioaddin.listenbtn" index="2"/>

		<imagelist id="imglst.audioaddin.durthumb" vertical="0" splitter="1" blocksize="14" image="bitmap\durthumb.png" />
		<texture id="texture.audioaddin.thumb.normal" imagelist="imglst.audioaddin.durthumb" index="1" />
		<texture id="texture.audioaddin.thumb.hover" imagelist="imglst.audioaddin.durthumb" index="2" />
		<texture id="texture.audioaddin.thumb.down" imagelist="imglst.audioaddin.durthumb" index="3" />

		<imagelist id="imglst.audioaddin.volume" vertical="0" splitter="1" blocksize="19" image="bitmap\volume.png" />
		<texture id="texture.audioaddin.volume.normal" imagelist="imglst.audioaddin.volume" index="1" />
		<texture id="texture.audioaddin.volume.hover" imagelist="imglst.audioaddin.volume" index="2" />
		<texture id="texture.audioaddin.volume.down" imagelist="imglst.audioaddin.volume" index="3" />
		<texture id="texture.audioaddin.volume.mute" imagelist="imglst.audioaddin.volume" index="4" />

		<texture id="bitmap.taskaudioinfo.volumebkg" type="ThreeInOneH" image="bitmap\volumebkg.png" />
		<imagelist id="imglst.audioaddin.volumebar" vertical="0" splitter="1" blocksize="7" image="bitmap\volumebar.png" />
		<texture id="texture.audioaddin.volumebar.fore" type="ThreeInOneV" imagelist="imglst.audioaddin.volumebar" index="1" />

		<imagelist id="imglst.taskaudioinfo.volumeadjust" vertical="0" splitter="1" varyblock="1" image="bitmap\volumeadjust.png" />
		<texture id="texture.taskaudioinfo.volumedec" imagelist="imglst.taskaudioinfo.volumeadjust" index="1" />
		<texture id="texture.taskaudioinfo.volumeinc" imagelist="imglst.taskaudioinfo.volumeadjust" index="2" />

		<imagelist id="imglst.tasklistitem.mediaplaying.frame" splitter="1" vertical="0" blocksize="16" varyblock="0" image="bitmap\imagelist.tasklistitem.mediaplaying.png"/>
		<imageseq id="imageseq.tasklistitem.mediaplaying.frame" imagelist="imglst.tasklistitem.mediaplaying.frame"/>

		<texture id="texture.audioaddin.timetipmain" type="ThreeInOneH" image="bitmap\timetipmain.png" />
		<texture id="texture.audioaddin.timetiparrow" image="bitmap\timetiparrow.png" />

		<imagelist id="imglst.addBtns" vertical="0" splitter="1" varyblock="1" image="bitmap\addbtn.png"/>
		<texture id="texture.audioaddin.add.normal" type="ThreeInOneH" imagelist="imglst.addBtns" index="1"/>
		<texture id="texture.audioaddin.add.hover" type="ThreeInOneH" imagelist="imglst.addBtns" index="2"/>
		<texture id="texture.audioaddin.add.down" type="ThreeInOneH" imagelist="imglst.addBtns" index="3"/>
	</resource>
</XLUE>
