<XLUE>
	<resource>
		<color id="system.green" red="38" green="139" blue="35" alpha="255"/>
		<color id="system.gray" red="124" green="124" blue="124" alpha="255"/>
		
		<color id="system.lyric.line0" red="124" green="124" blue="124" alpha="255"/>
		<color id="system.lyric.line1" red="68" green="68" blue="68" alpha="255"/>
		<color id="system.lyric.line2" red="68" green="68" blue="68" alpha="205"/>
		<color id="system.lyric.line3" red="68" green="68" blue="68" alpha="155"/>
		<color id="system.lyric.line4" red="38" green="139" blue="35" alpha="255"/>
		
		<color id="system.title.color" red="113" green="152" blue="189" alpha="255"/>
		
		<color id="system.info.blue" red="28" green="136" blue="203" alpha="255"/>
		<color id="system.info.gray" red="103" green="103" blue="103" alpha="255"/>
		<color id="audioaddin.action.blue" value="#0079c5" />

		<color id="audioinfo.text.filename.color" value="#000000" alpha="255" />
		<color id="audioinfo.text.filesize.color" value="#6eaa00" alpha="255" />
	</resource>
</XLUE>
