<XLUE>
<resource>
	<imagelist id="taskimageinfoitem.icons" vertical="0" splitter="1" varyblock="1" image="bitmap\TaskImageInfoItem.Icons.png"/>
	<bitmap id="taskimageinfoitem.icons.one" imagelist="taskimageinfoitem.icons" index="1"/>
	<bitmap id="taskimageinfoitem.icons.two" imagelist="taskimageinfoitem.icons" index="2"/>
	<bitmap id="taskimageinfoitem.icons.three" imagelist="taskimageinfoitem.icons" index="3"/>
	<bitmap id="taskimageinfoitem.icons.four" imagelist="taskimageinfoitem.icons" index="4"/>
	<bitmap id="taskimageinfoitem.icons.five" imagelist="taskimageinfoitem.icons" index="5"/>
	<bitmap id="taskimageinfoitem.icons.six" imagelist="taskimageinfoitem.icons" index="6"/>
	<bitmap id="taskimageinfoitem.icons.seven" imagelist="taskimageinfoitem.icons" index="7"/>	

	<bitmap id="taskimageinfoitem.picture.bkg" path="bitmap\TaskImageInfoItem.Picture.png" />
	<texture id="taskimageinfoitem.line" image="bitmap\TaskImageInfoItem.line.png" />	
	<texture id="img.bkg" type="NineInOne" image="bitmap\img.bkg.png" />

	<imagelist id="taskinfo.addmodule.btn" vertical="0" splitter="1" varyblock="1" image="bitmap\taskinfo.addmodule.btn.png"/>
	<texture id="taskinfo.addmodule.btn.normal" type="ThreeInOneH" imagelist="taskinfo.addmodule.btn" index="1"/>
	<texture id="taskinfo.addmodule.btn.hover" type="ThreeInOneH" imagelist="taskinfo.addmodule.btn" index="2"/>
	<texture id="taskinfo.addmodule.btn.down" type="ThreeInOneH" imagelist="taskinfo.addmodule.btn" index="3"/>
	<texture id="taskinfo.addmodule.bkg" type="NineInOne" image="bitmap\taskinfo.addmodule.bkg.png" />
</resource>
</XLUE>