<XLUE>
<resource>
  <font id="taskimageinfo.font" height="12" facename="defaultfont"/>
  <font id="taskimageinfo.font.underline" height="12" underline="1" facename="defaultfont"/>
  <font id="taskimageinfo.title.font" height="13" facename="defaultfont"/>
  <font id="taskimageinfo.soft.number" height="11" facename="Arial" italic="1"/>
  <font id="taskimageinfo.format.font" height="12" facename="defaultfont" weight="bold"/>
  <font id="taskimageinfo.tip.font" height="11" facename="defaultfont"/>
</resource>
</XLUE>